"coords","insects","model","variable","mean","sites","sd"
"NC0429","Bumblebees","IDMSH","V1",2.27541063240984,"NC0429",0.191757388664676
"NC0429","Bumblebees","SOM","V1",0.700398328083406,"NC0429",0.523278063303126
"NC0429","Bumblebees","IDMCO","V1",1.8859782412754,"NC0429",0.533170223101994
"NC0429","Bumblebees","IGSH","V1",2.72617102957914,"NC0429",0.087900538463561
"NC0429","Bumblebees","IGCO","V1",2.616504513789,"NC0429",0.214007834811258
"NC0429","Hoverflies","IDMSH","V1",3.77922417991562,"NC0429",0.132386424604224
"NC0429","Hoverflies","SOM","V1",3.6044605127801,"NC0429",0.300303468200875
"NC0429","Hoverflies","IDMCO","V1",3.77176924688142,"NC0429",0.190921096629006
"NC0429","Hoverflies","IGSH","V1",4.3007896572949,"NC0429",0.0394221443709251
"NC0429","Hoverflies","IGCO","V1",4.17696787324463,"NC0429",0.169131323323676
"NC0429","Solitary bees","IDMSH","V1",2.45279008480961,"NC0429",0.400362279028307
"NC0429","Solitary bees","SOM","V1",2.10810734138352,"NC0429",0.650924085230969
"NC0429","Solitary bees","IDMCO","V1",2.48604667514796,"NC0429",0.471188832177073
"NC0429","Solitary bees","IGSH","V1",3.8719626165244,"NC0429",0.378680095855849
"NC0429","Solitary bees","IGCO","V1",3.59233457765192,"NC0429",0.590210554296233
"NC2313","Bumblebees","IDMSH","V2",2.29335871465609,"NC2313",0.181247709612131
"NC2313","Bumblebees","SOM","V2",0.713164505873766,"NC2313",0.526607814863667
"NC2313","Bumblebees","IDMCO","V2",1.89436229157175,"NC2313",0.533913145734816
"NC2313","Bumblebees","IGSH","V2",2.73096318110586,"NC2313",0.083487524967733
"NC2313","Bumblebees","IGCO","V2",2.62783918970388,"NC2313",0.203822363065722
"NC2313","Hoverflies","IDMSH","V2",3.79431837639607,"NC2313",0.127308821931395
"NC2313","Hoverflies","SOM","V2",3.63096774715223,"NC2313",0.28776640631477
"NC2313","Hoverflies","IDMCO","V2",3.79045689577326,"NC2313",0.184509385462436
"NC2313","Hoverflies","IGSH","V2",4.30406421465562,"NC2313",0.0372844295908499
"NC2313","Hoverflies","IGCO","V2",4.1879657865306,"NC2313",0.159668414788931
"NC2313","Solitary bees","IDMSH","V2",2.49058981786908,"NC2313",0.389204845499069
"NC2313","Solitary bees","SOM","V2",2.150699533903,"NC2313",0.642689119159054
"NC2313","Solitary bees","IDMCO","V2",2.52259761579612,"NC2313",0.462779079075666
"NC2313","Solitary bees","IGSH","V2",3.88808837393926,"NC2313",0.362566113075626
"NC2313","Solitary bees","IGCO","V2",3.62319345768218,"NC2313",0.567673420639096
"NC5762","Bumblebees","IDMSH","V3",2.23469336463535,"NC5762",0.215290929564562
"NC5762","Bumblebees","SOM","V3",0.675079700363252,"NC5762",0.516391937679563
"NC5762","Bumblebees","IDMCO","V3",1.86742990324458,"NC5762",0.531148746620771
"NC5762","Bumblebees","IGSH","V3",2.7158951896448,"NC5762",0.0973715882342783
"NC5762","Bumblebees","IGCO","V3",2.59259419308529,"NC5762",0.23509191576879
"NC5762","Hoverflies","IDMSH","V3",3.74697516846517,"NC5762",0.143518512833053
"NC5762","Hoverflies","SOM","V3",3.54833307899702,"NC5762",0.326534754246351
"NC5762","Hoverflies","IDMCO","V3",3.73196759456982,"NC5762",0.204813334094157
"NC5762","Hoverflies","IGSH","V3",4.29372601139456,"NC5762",0.0440667377439669
"NC5762","Hoverflies","IGCO","V3",4.15340764627018,"NC5762",0.189299854082198
"NC5762","Solitary bees","IDMSH","V3",2.37404968143184,"NC5762",0.423461978489794
"NC5762","Solitary bees","SOM","V3",2.02195680234177,"NC5762",0.665289696122418
"NC5762","Solitary bees","IDMCO","V3",2.41043466991684,"NC5762",0.488151059805969
"NC5762","Solitary bees","IGSH","V3",3.83795551383317,"NC5762",0.411908970703896
"NC5762","Solitary bees","IGCO","V3",3.5284574310504,"NC5762",0.635157895516299
"NC7158","Bumblebees","IDMSH","V4",2.23988177360131,"NC7158",0.212326624102909
"NC7158","Bumblebees","SOM","V4",0.678077736153274,"NC7158",0.517226968776034
"NC7158","Bumblebees","IDMCO","V4",1.86976683165119,"NC7158",0.531427119271594
"NC7158","Bumblebees","IGSH","V4",2.71716841020452,"NC7158",0.0961983201544194
"NC7158","Bumblebees","IGCO","V4",2.59552820444225,"NC7158",0.232534162427536
"NC7158","Hoverflies","IDMSH","V4",3.75096281519018,"NC7158",0.142122383394085
"NC7158","Hoverflies","SOM","V4",3.55523425445044,"NC7158",0.323335948971093
"NC7158","Hoverflies","IDMCO","V4",3.7368795207408,"NC7158",0.203083808067528
"NC7158","Hoverflies","IGSH","V4",4.29460439873577,"NC7158",0.043486982037005
"NC7158","Hoverflies","IGCO","V4",4.15632514604982,"NC7158",0.186810327600768
"NC7158","Solitary bees","IDMSH","V4",2.38363557204553,"NC7158",0.420672783794649
"NC7158","Solitary bees","SOM","V4",2.03226881056528,"NC7158",0.663729770821531
"NC7158","Solitary bees","IDMCO","V4",2.41960643391171,"NC7158",0.486127516288748
"NC7158","Solitary bees","IGSH","V4",3.84212765285606,"NC7158",0.407887795997558
"NC7158","Solitary bees","IGCO","V4",3.5362084175464,"NC7158",0.629825017826814
"NJ0327","Bumblebees","IDMSH","V5",2.36778678747683,"NJ0327",0.13867143598361
"NJ0327","Bumblebees","SOM","V5",0.787654699886605,"NJ0327",0.544103022558894
"NJ0327","Bumblebees","IDMCO","V5",1.932340606579,"NJ0327",0.534990813171536
"NJ0327","Bumblebees","IGSH","V5",2.75449681287808,"NJ0327",0.0620412517424551
"NJ0327","Bumblebees","IGCO","V5",2.68531027828755,"NJ0327",0.150326687480638
"NJ0327","Hoverflies","IDMSH","V5",3.86908466826781,"NJ0327",0.103655184914412
"NJ0327","Hoverflies","SOM","V5",3.76409022110961,"NJ0327",0.22418613326686
"NJ0327","Hoverflies","IDMCO","V5",3.88347271691838,"NJ0327",0.154149309471733
"NJ0327","Hoverflies","IGSH","V5",4.31997551217745,"NJ0327",0.0271068996226556
"NJ0327","Hoverflies","IGCO","V5",4.24207073714501,"NJ0327",0.112718924877535
"NJ0327","Solitary bees","IDMSH","V5",2.68664484441562,"NJ0327",0.33386211114254
"NJ0327","Solitary bees","SOM","V5",2.38648558536361,"NJ0327",0.583266887530334
"NJ0327","Solitary bees","IDMCO","V5",2.71583910712243,"NJ0327",0.416683028778687
"NJ0327","Solitary bees","IGSH","V5",3.96986621849933,"NJ0327",0.277554847867216
"NJ0327","Solitary bees","IGCO","V5",3.78566300876309,"NJ0327",0.439956185589402
"NJ6415","Bumblebees","IDMSH","V6",2.37511559845236,"NJ6415",0.134789390144821
"NJ6415","Bumblebees","SOM","V6",0.798909912432811,"NJ6415",0.546456226124695
"NJ6415","Bumblebees","IDMCO","V6",1.9366658040128,"NJ6415",0.534740643987644
"NJ6415","Bumblebees","IGSH","V6",2.75747227144606,"NJ6415",0.0593832415398535
"NJ6415","Bumblebees","IGCO","V6",2.69280146878808,"NJ6415",0.143131708332075
"NJ6415","Hoverflies","IDMSH","V6",3.87863308079498,"NJ6415",0.100842340723913
"NJ6415","Hoverflies","SOM","V6",3.78125590599955,"NJ6415",0.216029676348317
"NJ6415","Hoverflies","IDMCO","V6",3.89539110426685,"NJ6415",0.150509770294517
"NJ6415","Hoverflies","IGSH","V6",4.32196836372468,"NJ6415",0.0258677932522578
"NJ6415","Hoverflies","IGCO","V6",4.24892312286528,"NJ6415",0.106730182651896
"NJ6415","Solitary bees","IDMSH","V6",2.71278942524721,"NJ6415",0.327213387031856
"NJ6415","Solitary bees","SOM","V6",2.41999779813194,"NJ6415",0.572942608691267
"NJ6415","Solitary bees","IDMCO","V6",2.74217729093924,"NJ6415",0.410262533040669
"NJ6415","Solitary bees","IGSH","V6",3.98052262357996,"NJ6415",0.266124208229219
"NJ6415","Solitary bees","IGCO","V6",3.80760077852371,"NJ6415",0.421534813960902
"NJ7638","Bumblebees","IDMSH","V7",2.3604082981328,"NJ7638",0.142671671635282
"NJ7638","Bumblebees","SOM","V7",0.777540801604391,"NJ7638",0.541927890964485
"NJ7638","Bumblebees","IDMCO","V7",1.92816331217851,"NJ7638",0.535134504767078
"NJ7638","Bumblebees","IGSH","V7",2.75170163343267,"NJ7638",0.0645538345890362
"NJ7638","Bumblebees","IGCO","V7",2.67832048279378,"NJ7638",0.156994965825688
"NJ7638","Hoverflies","IDMSH","V7",3.86013770839362,"NJ7638",0.106337941215543
"NJ7638","Hoverflies","SOM","V7",3.74803076258146,"NJ7638",0.231845639191478
"NJ7638","Hoverflies","IDMCO","V7",3.87231059826533,"NJ7638",0.157619739215369
"NJ7638","Hoverflies","IGSH","V7",4.31809971598612,"NJ7638",0.0282825131915844
"NJ7638","Hoverflies","IGCO","V7",4.23563601741975,"NJ7638",0.118334458432862
"NJ7638","Solitary bees","IDMSH","V7",2.6623899790207,"NJ7638",0.340245387268156
"NJ7638","Solitary bees","SOM","V7",2.35585081492076,"NJ7638",0.592306300149632
"NJ7638","Solitary bees","IDMCO","V7",2.69153721695379,"NJ7638",0.422588580884789
"NJ7638","Solitary bees","IGSH","V7",3.95992159753514,"NJ7638",0.288159143069538
"NJ7638","Solitary bees","IGCO","V7",3.76535377435512,"NJ7638",0.456761028776616
"NN5527","Bumblebees","IDMSH","V8",2.40693199283151,"NN5527",0.118610626938896
"NN5527","Bumblebees","SOM","V8",0.88986550760663,"NN5527",0.563303932113494
"NN5527","Bumblebees","IDMCO","V8",1.9608652283794,"NN5527",0.530165942030028
"NN5527","Bumblebees","IGSH","V8",2.77687824784403,"NN5527",0.042737063901901
"NN5527","Bumblebees","IGCO","V8",2.74299227878975,"NN5527",0.0936909776162155
"NN5527","Hoverflies","IDMSH","V8",3.94171990621032,"NN5527",0.083752662941843
"NN5527","Hoverflies","SOM","V8",3.89491440520587,"NN5527",0.163949362664212
"NN5527","Hoverflies","IDMCO","V8",3.97413877055557,"NN5527",0.128668059361401
"NN5527","Hoverflies","IGSH","V8",4.33487301951002,"NN5527",0.0182187429663823
"NN5527","Hoverflies","IGCO","V8",4.29368999359946,"NN5527",0.0673972050602824
"NN5527","Solitary bees","IDMSH","V8",2.89413636128472,"NN5527",0.28987127378732
"NN5527","Solitary bees","SOM","V8",2.66597108416647,"NN5527",0.485023341059084
"NN5527","Solitary bees","IDMCO","V8",2.92902211373311,"NN5527",0.364557876058586
"NN5527","Solitary bees","IGSH","V8",4.05183685660705,"NN5527",0.188663083055932
"NN5527","Solitary bees","IGCO","V8",3.95913791868385,"NN5527",0.286876870404266
"NN6693","Bumblebees","IDMSH","V9",2.38662145674973,"NN6693",0.128901276309485
"NN6693","Bumblebees","SOM","V9",0.820197366354288,"NN6693",0.550730793214928
"NN6693","Bumblebees","IDMCO","V9",1.94396245456967,"NN6693",0.534034486802129
"NN6693","Bumblebees","IGSH","V9",2.76272500712642,"NN6693",0.0547422098059837
"NN6693","Bumblebees","IGCO","V9",2.70615565277451,"NN6693",0.130183514852957
"NN6693","Hoverflies","IDMSH","V9",3.89555770914531,"NN6693",0.0959914872460739
"NN6693","Hoverflies","SOM","V9",3.81173327208275,"NN6693",0.201666190760206
"NN6693","Hoverflies","IDMCO","V9",3.91652629531752,"NN6693",0.144241939471889
"NN6693","Hoverflies","IGSH","V9",4.32547683698535,"NN6693",0.0237154133980802
"NN6693","Hoverflies","IGCO","V9",4.26102695450024,"NN6693",0.0961305369202582
"NN6693","Solitary bees","IDMSH","V9",2.75984029107717,"NN6693",0.315950114515786
"NN6693","Solitary bees","SOM","V9",2.48159672277447,"NN6693",0.552821897497251
"NN6693","Solitary bees","IDMCO","V9",2.78996240954889,"NN6693",0.398578042558388
"NN6693","Solitary bees","IGSH","V9",3.99951369694973,"NN6693",0.245606430564426
"NN6693","Solitary bees","IGCO","V9",3.8471494359465,"NN6693",0.387624993076613
"NN7911","Bumblebees","IDMSH","V10",2.40891421280858,"NN7911",0.117187593253686
"NN7911","Bumblebees","SOM","V10",0.908147049007749,"NN7911",0.56629853412185
"NN7911","Bumblebees","IDMCO","V10",1.96381939810033,"NN7911",0.52889010239799
"NN7911","Bumblebees","IGSH","V10",2.77993952248535,"NN7911",0.0402850739203267
"NN7911","Bumblebees","IGCO","V10",2.75113026253076,"NN7911",0.0854836723570886
"NN7911","Hoverflies","IDMSH","V10",3.95184734886055,"NN7911",0.0812883055509292
"NN7911","Hoverflies","SOM","V10",3.91310284264501,"NN7911",0.156179969126119
"NN7911","Hoverflies","IDMCO","V10",3.98674377409478,"NN7911",0.125628622388176
"NN7911","Hoverflies","IGSH","V10",4.33689523306246,"NN7911",0.0171115984387053
"NN7911","Hoverflies","IGCO","V10",4.30076606821195,"NN7911",0.0611483908586239
"NN7911","Solitary bees","IDMSH","V10",2.92524862857858,"NN7911",0.285214086703266
"NN7911","Solitary bees","SOM","V10",2.71016760697282,"NN7911",0.467508987760137
"NN7911","Solitary bees","IDMCO","V10",2.96170634134694,"NN7911",0.35660042366456
"NN7911","Solitary bees","IGSH","V10",4.06337798711619,"NN7911",0.176198727140568
"NN7911","Solitary bees","IGCO","V10",3.98443381712191,"NN7911",0.263205901306395
"NN8369","Bumblebees","IDMSH","V11",2.39639491847361,"NN8369",0.124077038422572
"NN8369","Bumblebees","SOM","V11",0.8444779742556,"NN8369",0.555347023504942
"NN8369","Bumblebees","IDMCO","V11",1.95098017709274,"NN8369",0.532914745364022
"NN8369","Bumblebees","IGSH","V11",2.76815279345734,"NN8369",0.0500348136121681
"NN8369","Bumblebees","IGCO","V11",2.72013257870268,"NN8369",0.11646808292022
"NN8369","Hoverflies","IDMSH","V11",3.91315207365364,"NN8369",0.0911453368042601
"NN8369","Hoverflies","SOM","V11",3.84345373464925,"NN8369",0.186958667985878
"NN8369","Hoverflies","IDMCO","V11",3.93850028191071,"NN8369",0.1380134550625
"NN8369","Hoverflies","IGSH","V11",4.32908981531015,"NN8369",0.0215470853300773
"NN8369","Hoverflies","IGCO","V11",4.27354409834181,"NN8369",0.0851412160969419
"NN8369","Solitary bees","IDMSH","V11",2.80984786735366,"NN8369",0.305120423915844
"NN8369","Solitary bees","SOM","V11",2.54885150733842,"NN8369",0.529281286019097
"NN8369","Solitary bees","IDMCO","V11",2.84130040904301,"NN8369",0.386003516765656
"NN8369","Solitary bees","IGSH","V11",4.01937971358878,"NN8369",0.224000403195967
"NN8369","Solitary bees","IGCO","V11",3.88914575871242,"NN8369",0.35064564943072
"NN8664","Bumblebees","IDMSH","V12",2.3980771035717,"NN8664",0.123251872464585
"NN8664","Bumblebees","SOM","V12",0.849684360491514,"NN8664",0.556302307648975
"NN8664","Bumblebees","IDMCO","V12",1.95231753035549,"NN8664",0.53263795015299
"NN8664","Bumblebees","IGSH","V12",2.76924342587799,"NN8664",0.0491022808289663
"NN8664","Bumblebees","IGCO","V12",2.72296325078202,"NN8664",0.113670504001095
"NN8664","Hoverflies","IDMSH","V12",3.91670217505207,"NN8664",0.0901934128736882
"NN8664","Hoverflies","SOM","V12",3.84985478141925,"NN8664",0.184030885882682
"NN8664","Hoverflies","IDMCO","V12",3.94293298715222,"NN8664",0.136796862337878
"NN8664","Hoverflies","IGSH","V12",4.32981432023828,"NN8664",0.0211194005849206
"NN8664","Hoverflies","IGCO","V12",4.27606053419956,"NN8664",0.0829286113510416
"NN8664","Solitary bees","IDMSH","V12",2.82009352325002,"NN8664",0.303060515025245
"NN8664","Solitary bees","SOM","V12",2.56284879908282,"NN8664",0.524193256576206
"NN8664","Solitary bees","IDMCO","V12",2.85188721378237,"NN8664",0.383410806352892
"NN8664","Solitary bees","IGSH","V12",4.02340139040046,"NN8664",0.219616764508545
"NN8664","Solitary bees","IGCO","V12",3.89772560835266,"NN8664",0.342970123483692
"NO7495","Bumblebees","IDMSH","V13",2.38567748918879,"NO7495",0.129374685809903
"NO7495","Bumblebees","SOM","V13",0.818225241324459,"NO7495",0.550343939992486
"NO7495","Bumblebees","IDMCO","V13",1.94333313237779,"NO7495",0.534111639176996
"NO7495","Bumblebees","IGSH","V13",2.76225838267624,"NO7495",0.0551514505729393
"NO7495","Bumblebees","IGCO","V13",2.70496255952958,"NO7495",0.131346614523279
"NO7495","Hoverflies","IDMSH","V13",3.89405040320666,"NO7495",0.096416217500209
"NO7495","Hoverflies","SOM","V13",3.80901697194501,"NO7495",0.202938560139186
"NO7495","Hoverflies","IDMCO","V13",3.91464370669244,"NO7495",0.144789839405105
"NO7495","Hoverflies","IGSH","V13",4.32516564986568,"NO7495",0.023904633538196
"NO7495","Hoverflies","IGCO","V13",4.25995134458519,"NO7495",0.0970735582960265
"NO7495","Solitary bees","IDMSH","V13",2.755610684643,"NO7495",0.31692232588259
"NO7495","Solitary bees","SOM","V13",2.47599181708039,"NO7495",0.554711845580355
"NO7495","Solitary bees","IDMCO","V13",2.78564623355677,"NO7495",0.399634700951198
"NO7495","Solitary bees","IGSH","V13",3.99781734410452,"NO7495",0.247445683215994
"NO7495","Solitary bees","IGCO","V13",3.84359308780622,"NO7495",0.3907108699212
"NS2366","Bumblebees","IDMSH","V14",2.40922260408939,"NS2366",0.114098128539515
"NS2366","Bumblebees","SOM","V14",0.96233991984035,"NS2366",0.574490381205663
"NS2366","Bumblebees","IDMCO","V14",1.96968993142564,"NS2366",0.524786790315652
"NS2366","Bumblebees","IGSH","V14",2.78775970209826,"NS2366",0.0343958924532394
"NS2366","Bumblebees","IGCO","V14",2.77220814331339,"NS2366",0.0639995626497835
"NS2366","Hoverflies","IDMSH","V14",3.97805766933668,"NS2366",0.0753399541315901
"NS2366","Hoverflies","SOM","V14",3.9598821660497,"NS2366",0.137477782239557
"NS2366","Hoverflies","IDMCO","V14",4.01922168794358,"NS2366",0.118584265184237
"NS2366","Hoverflies","IGSH","V14",4.34204660943047,"NS2366",0.0144871805574216
"NS2366","Hoverflies","IGCO","V14",4.31886532389223,"NS2366",0.0451263663826492
"NS2366","Solitary bees","IDMSH","V14",3.01031235945188,"NS2366",0.274805787690532
"NS2366","Solitary bees","SOM","V14",2.83242182019245,"NS2366",0.417916591005889
"NS2366","Solitary bees","IDMCO","V14",3.05142692903017,"NS2366",0.33487317136861
"NS2366","Solitary bees","IGSH","V14",4.09322757554008,"NS2366",0.144732860808818
"NS2366","Solitary bees","IGCO","V14",4.05081952255488,"NS2366",0.199638599853824
"NS4085","Bumblebees","IDMSH","V15",2.40998141001409,"NS4085",0.11529819400804
"NS4085","Bumblebees","SOM","V15",0.93897854654794,"NS4085",0.571094729495178
"NS4085","Bumblebees","IDMCO","V15",1.96765295333065,"NS4085",0.526599060354067
"NS4085","Bumblebees","IGSH","V15",2.78460079514276,"NS4085",0.0366994906554467
"NS4085","Bumblebees","IGCO","V15",2.76364298756862,"NS4085",0.0727682506773038
"NS4085","Hoverflies","IDMSH","V15",3.96740275678666,"NS4085",0.0776794980262703
"NS4085","Hoverflies","SOM","V15",3.94093053081863,"NS4085",0.14479883721506
"NS4085","Hoverflies","IDMCO","V15",4.00605091584317,"NS4085",0.121292403438613
"NS4085","Hoverflies","IGSH","V15",4.33996812678668,"NS4085",0.0155065604808631
"NS4085","Hoverflies","IGCO","V15",4.3115498836825,"NS4085",0.0516089812033547
"NS4085","Solitary bees","IDMSH","V15",2.97479007824187,"NS4085",0.278783553024196
"NS4085","Solitary bees","SOM","V15",2.78122671271379,"NS4085",0.438792171483924
"NS4085","Solitary bees","IDMCO","V15",3.01394259042949,"NS4085",0.343930662088097
"NS4085","Solitary bees","IGSH","V15",4.08110605992065,"NS4085",0.157325966945835
"NS4085","Solitary bees","IGCO","V15",4.02369725749731,"NS4085",0.225852120177243
"NS5873","Bumblebees","IDMSH","V16",2.40964404134778,"NS5873",0.1145299235806
"NS5873","Bumblebees","SOM","V16",0.953655033616876,"NS5873",0.57325439770266
"NS5873","Bumblebees","IDMCO","V16",1.96901504432845,"NS5873",0.525465974139124
"NS5873","Bumblebees","IGSH","V16",2.78662032166408,"NS5873",0.0352133475154071
"NS5873","Bumblebees","IGCO","V16",2.76911070456607,"NS5873",0.0671765519441899
"NS5873","Hoverflies","IDMSH","V16",3.97420255350777,"NS5873",0.0761734501409766
"NS5873","Hoverflies","SOM","V16",3.95303766791305,"NS5873",0.140076540656976
"NS5873","Hoverflies","IDMCO","V16",4.01446252067998,"NS5873",0.119537625140779
"NS5873","Hoverflies","IGSH","V16",4.34129727821615,"NS5873",0.0148476225008662
"NS5873","Hoverflies","IGCO","V16",4.31622598535267,"NS5873",0.0474662996984986
"NS5873","Solitary bees","IDMSH","V16",2.99728457641189,"NS5873",0.276211694795728
"NS5873","Solitary bees","SOM","V16",2.81364024568185,"NS5873",0.425577537340285
"NS5873","Solitary bees","IDMCO","V16",3.03768470182809,"NS5873",0.338190858019356
"NS5873","Solitary bees","IGSH","V16",4.08884540867466,"NS5873",0.149247726819077
"NS5873","Solitary bees","IGCO","V16",4.04098897100312,"NS5873",0.209177023836073
"NS9052","Bumblebees","IDMSH","V17",2.40791180665361,"NS9052",0.113254007062647
"NS9052","Bumblebees","SOM","V17",0.97997168090596,"NS9052",0.576897930568109
"NS9052","Bumblebees","IDMCO","V17",1.97077365471408,"NS9052",0.523394518349281
"NS9052","Bumblebees","IGSH","V17",2.7899526267207,"NS9052",0.0328701627005071
"NS9052","Bumblebees","IGCO","V17",2.778195759902,"NS9052",0.0578393695976069
"NS9052","Hoverflies","IDMSH","V17",3.9855204920516,"NS9052",0.0737698956276573
"NS9052","Hoverflies","SOM","V17",3.97308458524875,"NS9052",0.132624295948555
"NS9052","Hoverflies","IDMCO","V17",4.02841069487457,"NS9052",0.116829599061694
"NS9052","Hoverflies","IGSH","V17",4.34348775595236,"NS9052",0.0138190436171208
"NS9052","Hoverflies","IGCO","V17",4.32394772988187,"NS9052",0.0406170538595473
"NS9052","Solitary bees","IDMSH","V17",3.03618401473373,"NS9052",0.272166368590751
"NS9052","Solitary bees","SOM","V17",2.86968429241023,"NS9052",0.402759052529926
"NS9052","Solitary bees","IDMCO","V17",3.07867313848184,"NS9052",0.328303007744389
"NS9052","Solitary bees","IGSH","V17",4.10169407586848,"NS9052",0.136159560509179
"NS9052","Solitary bees","IGCO","V17",4.06989195157184,"NS9052",0.181016139300216
"NT2023","Bumblebees","IDMSH","V18",2.40339566722738,"NT2023",0.111516033317876
"NT2023","Bumblebees","SOM","V18",1.01754356834715,"NT2023",0.581568204001888
"NT2023","Bumblebees","IDMCO","V18",1.97187955034533,"NT2023",0.520407350258392
"NT2023","Bumblebees","IGSH","V18",2.79412902402236,"NT2023",0.0301671592207215
"NT2023","Bumblebees","IGCO","V18",2.78969654251899,"NT2023",0.0459388080592825
"NT2023","Hoverflies","IDMSH","V18",3.999923252894,"NT2023",0.0709109785457603
"NT2023","Hoverflies","SOM","V18",3.9983419185431,"NT2023",0.12400810302312
"NT2023","Hoverflies","IDMCO","V18",4.04602935436968,"NT2023",0.113815345042945
"NT2023","Hoverflies","IGSH","V18",4.34622887668354,"NT2023",0.0126552271973485
"NT2023","Hoverflies","IGCO","V18",4.33363774235793,"NT2023",0.0320067245332098
"NT2023","Solitary bees","IDMSH","V18",3.08914786663233,"NT2023",0.267194971540506
"NT2023","Solitary bees","SOM","V18",2.94547153198183,"NT2023",0.372439453507355
"NT2023","Solitary bees","IDMCO","V18",3.13408775607772,"NT2023",0.314951141300954
"NT2023","Solitary bees","IGSH","V18",4.11793819059225,"NT2023",0.120451393820733
"NT2023","Solitary bees","IGCO","V18",4.10676720798109,"NT2023",0.144594409972555
"NT4470","Bumblebees","IDMSH","V19",2.40948316310995,"NT4470",0.114343733900545
"NT4470","Bumblebees","SOM","V19",0.957366188018862,"NT4470",0.573786501688762
"NT4470","Bumblebees","IDMCO","V19",1.96931510636034,"NT4470",0.525176421149211
"NT4470","Bumblebees","IGSH","V19",2.78711212365386,"NT4470",0.0348585463143373
"NT4470","Bumblebees","IGCO","V19",2.77044655525528,"NT4470",0.065807212884685
"NT4470","Hoverflies","IDMSH","V19",3.97586482053038,"NT4470",0.0758122220502879
"NT4470","Hoverflies","SOM","V19",3.95599078313342,"NT4470",0.138948716400192
"NT4470","Hoverflies","IDMCO","V19",4.0165155384696,"NT4470",0.119122760271459
"NT4470","Hoverflies","IGSH","V19",4.34162076717413,"NT4470",0.014690988864528
"NT4470","Hoverflies","IGCO","V19",4.3173651220416,"NT4470",0.0464565351474699
"NT4470","Solitary bees","IDMSH","V19",3.0028759533235,"NT4470",0.275601315379015
"NT4470","Solitary bees","SOM","V19",2.82170129979921,"NT4470",0.422288885692572
"NT4470","Solitary bees","IDMCO","V19",3.04358392632054,"NT4470",0.336766275685995
"NT4470","Solitary bees","IGSH","V19",4.09073552609012,"NT4470",0.14729459089628
"NT4470","Solitary bees","IGCO","V19",4.04522560441998,"NT4470",0.205071400354297
"NT5824","Bumblebees","IDMSH","V20",2.40358840124151,"NT5824",0.111576614800994
"NT5824","Bumblebees","SOM","V20",1.01622547561727,"NT5824",0.581415184169769
"NT5824","Bumblebees","IDMCO","V20",1.97186719963511,"NT5824",0.520511921493782
"NT5824","Bumblebees","IGSH","V20",2.79399326596414,"NT5824",0.0302502793081468
"NT5824","Bumblebees","IGCO","V20",2.78932063820057,"NT5824",0.046329185973687
"NT5824","Hoverflies","IDMSH","V20",3.99945043376851,"NT5824",0.0710010788179693
"NT5824","Hoverflies","SOM","V20",3.99751837166559,"NT5824",0.124273610305413
"NT5824","Hoverflies","IDMCO","V20",4.04545394793253,"NT5824",0.113905864997997
"NT5824","Hoverflies","IGSH","V20",4.34613983932554,"NT5824",0.0126905236996236
"NT5824","Hoverflies","IGCO","V20",4.33332251209657,"NT5824",0.0322871071643572
"NT5824","Solitary bees","IDMSH","V20",3.08733283700414,"NT5824",0.267359660675805
"NT5824","Solitary bees","SOM","V20",2.94289177446419,"NT5824",0.373453609349232
"NT5824","Solitary bees","IDMCO","V20",3.13220030705893,"NT5824",0.315406161854032
"NT5824","Solitary bees","IGSH","V20",4.11740763859578,"NT5824",0.120945120768522
"NT5824","Solitary bees","IGCO","V20",4.10555717273181,"NT5824",0.145797933841288
"NX8392","Bumblebees","IDMSH","V21",2.39627843548974,"NX8392",0.109599467590194
"NX8392","Bumblebees","SOM","V21",1.05914537018535,"NX8392",0.585965410957229
"NX8392","Bumblebees","IDMCO","V21",1.97133739427229,"NX8392",0.517146007634864
"NX8392","Bumblebees","IGSH","V21",2.79804342514676,"NX8392",0.0279319361551262
"NX8392","Bumblebees","IGCO","V21",2.80059728199424,"NX8392",0.0345768650932016
"NX8392","Hoverflies","IDMSH","V21",4.01373093409651,"NX8392",0.0683999300373851
"NX8392","Hoverflies","SOM","V21",4.0221732353918,"NX8392",0.116843872005767
"NX8392","Hoverflies","IDMCO","V21",4.06271182371182,"NX8392",0.111455773282794
"NX8392","Hoverflies","IGSH","V21",4.34879461452909,"NX8392",0.0117232450043921
"NX8392","Hoverflies","IGCO","V21",4.34273553647207,"NX8392",0.0239062044208719
"NX8392","Solitary bees","IDMSH","V21",3.14513643631928,"NX8392",0.262115300007549
"NX8392","Solitary bees","SOM","V21",3.02414899888476,"NX8392",0.342454660501998
"NX8392","Solitary bees","IDMCO","V21",3.19173194470205,"NX8392",0.301015046880974
"NX8392","Solitary bees","IGSH","V21",4.13331177942415,"NX8392",0.106908072785687
"NX8392","Solitary bees","IGCO","V21",4.14198541647723,"NX8392",0.109328482304092
"SE1582","Bumblebees","IDMSH","V22",2.35860831698427,"SE1582",0.102998787756467
"SE1582","Bumblebees","SOM","V22",1.20643221063597,"SE1582",0.598573751287948
"SE1582","Bumblebees","IDMCO","V22",1.95445273695656,"SE1582",0.506298509587373
"SE1582","Bumblebees","IGSH","V22",2.80728961669747,"SE1582",0.0242593720605372
"SE1582","Bumblebees","IGCO","V22",2.82689824091943,"SE1582",0.00679224719011609
"SE1582","Hoverflies","IDMSH","V22",4.04926921382672,"SE1582",0.0631972217007782
"SE1582","Hoverflies","SOM","V22",4.07971544036418,"SE1582",0.105068191843374
"SE1582","Hoverflies","IDMCO","V22",4.10329366139603,"SE1582",0.108891876697472
"SE1582","Hoverflies","IGSH","V22",4.35485537442154,"SE1582",0.0103544524286525
"SE1582","Hoverflies","IGCO","V22",4.36433891158385,"SE1582",0.00459262237691597
"SE1582","Solitary bees","IDMSH","V22",3.3404667448984,"SE1582",0.238266570308819
"SE1582","Solitary bees","SOM","V22",3.27731284306482,"SE1582",0.266053187864997
"SE1582","Solitary bees","IDMCO","V22",3.37874038788904,"SE1582",0.253810118273094
"SE1582","Solitary bees","IGSH","V22",4.17032390782905,"SE1582",0.084330646770436
"SE1582","Solitary bees","IGCO","V22",4.22779187238132,"SE1582",0.0215717147712562
"SE1845","Bumblebees","IDMSH","V23",2.3435131150141,"SE1845",0.101399090023852
"SE1845","Bumblebees","SOM","V23",1.244390236433,"SE1845",0.60385917330964
"SE1845","Bumblebees","IDMCO","V23",1.94329974017421,"SE1845",0.503235640755691
"SE1845","Bumblebees","IGSH","V23",2.80875732629475,"SE1845",0.0239454056010778
"SE1845","Bumblebees","IGCO","V23",2.83118760152593,"SE1845",0.00218939007127033
"SE1845","Hoverflies","IDMSH","V23",4.0564422497111,"SE1845",0.0624584226469217
"SE1845","Hoverflies","SOM","V23",4.08948736627887,"SE1845",0.104459460720368
"SE1845","Hoverflies","IDMCO","V23",4.11020120642329,"SE1845",0.109587605017026
"SE1845","Hoverflies","IGSH","V23",4.35582555200253,"SE1845",0.01026898672778
"SE1845","Hoverflies","IGCO","V23",4.36781310250396,"SE1845",0.00147168145419149
"SE1845","Solitary bees","IDMSH","V23",3.4026092817301,"SE1845",0.226607028561604
"SE1845","Solitary bees","SOM","V23",3.34792109492536,"SE1845",0.251800882825231
"SE1845","Solitary bees","IDMCO","V23",3.43195210757113,"SE1845",0.239000867687293
"SE1845","Solitary bees","IGSH","V23",4.17636376227939,"SE1845",0.0827662452518168
"SE1845","Solitary bees","IGCO","V23",4.24185565889185,"SE1845",0.00693744447111327
"SE1867","Bumblebees","IDMSH","V24",2.35257191690398,"SE1867",0.102290248941917
"SE1867","Bumblebees","SOM","V24",1.22307875961695,"SE1867",0.600602237962252
"SE1867","Bumblebees","IDMCO","V24",1.95027223280827,"SE1867",0.505010052234694
"SE1867","Bumblebees","IGSH","V24",2.80798467139965,"SE1867",0.024099304982171
"SE1867","Bumblebees","IGCO","V24",2.82892084455849,"SE1867",0.00462593500759059
"SE1867","Hoverflies","IDMSH","V24",4.05246943746702,"SE1867",0.0628471476904453
"SE1867","Hoverflies","SOM","V24",4.0842601815119,"SE1867",0.104672270644006
"SE1867","Hoverflies","IDMCO","V24",4.10651127525514,"SE1867",0.109096215134748
"SE1867","Hoverflies","IGSH","V24",4.35531354846859,"SE1867",0.0103088957020704
"SE1867","Hoverflies","IGCO","V24",4.36597906469027,"SE1867",0.00312007475867917
"SE1867","Solitary bees","IDMSH","V24",3.36611532244297,"SE1867",0.233774737231493
"SE1867","Solitary bees","SOM","V24",3.30723544792421,"SE1867",0.259519216210884
"SE1867","Solitary bees","IDMCO","V24",3.40113254264281,"SE1867",0.247703307549281
"SE1867","Solitary bees","IGSH","V24",4.17316996548003,"SE1867",0.0834947112453624
"SE1867","Solitary bees","IGCO","V24",4.2344229947543,"SE1867",0.01468114762227
"SE9023","Bumblebees","IDMSH","V25",2.33427127079081,"SE9023",0.100704325566151
"SE9023","Bumblebees","SOM","V25",1.26134041324165,"SE9023",0.607417901212803
"SE9023","Bumblebees","IDMCO","V25",1.93531855953837,"SE9023",0.501613156980672
"SE9023","Bumblebees","IGSH","V25",2.80923627932153,"SE9023",0.0238658447525386
"SE9023","Bumblebees","IGCO","V25",2.83261543394751,"SE9023",0.00064804810608791
"SE9023","Hoverflies","IDMSH","V25",4.05955543713514,"SE9023",0.0622066420031256
"SE9023","Hoverflies","SOM","V25",4.09300477192705,"SE9023",0.104633710980774
"SE9023","Hoverflies","IDMCO","V25",4.11265737136058,"SE9023",0.110292522404984
"SE9023","Hoverflies","IGSH","V25",4.35614728054679,"SE9023",0.0102504668949689
"SE9023","Hoverflies","IGCO","V25",4.36896586806705,"SE9023",0.000434277945120784
"SE9023","Solitary bees","IDMSH","V25",3.43717484960792,"SE9023",0.218832888133252
"SE9023","Solitary bees","SOM","V25",3.38380010402434,"SE9023",0.246705524673305
"SE9023","Solitary bees","IDMCO","V25",3.45990879154739,"SE9023",0.230713543102578
"SE9023","Solitary bees","IGSH","V25",4.17838316721016,"SE9023",0.082441849908773
"SE9023","Solitary bees","IGCO","V25",4.24653639357657,"SE9023",0.00204900448990802
"SH4072","Bumblebees","IDMSH","V26",2.31242427765949,"SH4072",0.0999220019883417
"SH4072","Bumblebees","SOM","V26",1.27976767686998,"SH4072",0.615858787742929
"SH4072","Bumblebees","IDMCO","V26",1.91291215834248,"SH4072",0.498534517693729
"SH4072","Bumblebees","IGSH","V26",2.80921641951085,"SH4072",0.0238940316963241
"SH4072","Bumblebees","IGCO","V26",2.83266968912756,"SH4072",0.000592937340431958
"SH4072","Hoverflies","IDMSH","V26",4.06345351510102,"SH4072",0.0620979669406439
"SH4072","Hoverflies","SOM","V26",4.09459634450802,"SH4072",0.106338945594894
"SH4072","Hoverflies","IDMCO","V26",4.11355136166659,"SH4072",0.112704916150034
"SH4072","Hoverflies","IGSH","V26",4.35616124849464,"SH4072",0.0102555912404434
"SH4072","Hoverflies","IGCO","V26",4.36901018045303,"SH4072",0.000395124690883539
"SH4072","Solitary bees","IDMSH","V26",3.505099019836,"SH4072",0.199488503936789
"SH4072","Solitary bees","SOM","V26",3.44054573770263,"SH4072",0.249273108007916
"SH4072","Solitary bees","IDMCO","V26",3.51037416769411,"SH4072",0.21412377682551
"SH4072","Solitary bees","IGSH","V26",4.17850830998958,"SH4072",0.0825853517172663
"SH4072","Solitary bees","IGCO","V26",4.24671730969371,"SH4072",0.00186164140572407
"SH4866","Bumblebees","IDMSH","V27",2.30983040890169,"SH4866",0.099908151896095
"SH4866","Bumblebees","SOM","V27",1.27977237202901,"SH4866",0.616822050058498
"SH4866","Bumblebees","IDMCO","V27",1.90991783780787,"SH4866",0.498243017607332
"SH4866","Bumblebees","IGSH","V27",2.80911029356646,"SH4866",0.0239159005550858
"SH4866","Bumblebees","IGCO","V27",2.83237571960009,"SH4866",0.000914185811447126
"SH4866","Hoverflies","IDMSH","V27",4.06360641384646,"SH4866",0.0621262876396313
"SH4866","Hoverflies","SOM","V27",4.09418228198473,"SH4866",0.10665348356975
"SH4866","Hoverflies","IDMCO","V27",4.11321187628726,"SH4866",0.113060440485635
"SH4866","Hoverflies","IGSH","V27",4.3560956654258,"SH4866",0.0102602755852731
"SH4866","Hoverflies","IGCO","V27",4.36877354708876,"SH4866",0.000608892770774897
"SH4866","Solitary bees","IDMSH","V27",3.51153197106236,"SH4866",0.19720714936284
"SH4866","Solitary bees","SOM","V27",3.44411127416364,"SH4866",0.251320861138541
"SH4866","Solitary bees","IDMCO","V27",3.51471282765135,"SH4866",0.212516460185312
"SH4866","Solitary bees","IGSH","V27",4.17810241367592,"SH4866",0.0826750024604341
"SH4866","Solitary bees","IGCO","V27",4.24575668173208,"SH4866",0.00286743840155331
"SH5924","Bumblebees","IDMSH","V28",2.29159730023643,"SH5924",0.100262452853454
"SH5924","Bumblebees","SOM","V28",1.26673218361399,"SH5924",0.622785221074684
"SH5924","Bumblebees","IDMCO","V28",1.88687295099158,"SH5924",0.496680317995591
"SH5924","Bumblebees","IGSH","V28",2.80775643665043,"SH5924",0.0242127273122631
"SH5924","Bumblebees","IGCO","V28",2.82854686958874,"SH5924",0.00511571058854474
"SH5924","Hoverflies","IDMSH","V28",4.06286980922332,"SH5924",0.0625616452167355
"SH5924","Hoverflies","SOM","V28",4.0877540860234,"SH5924",0.109557876301282
"SH5924","Hoverflies","IDMCO","V28",4.10819079675966,"SH5924",0.116006222413163
"SH5924","Hoverflies","IGSH","V28",4.35524038348163,"SH5924",0.0103348827418098
"SH5924","Hoverflies","IGCO","V28",4.36568972898458,"SH5924",0.00339890031094533
"SH5924","Solitary bees","IDMSH","V28",3.54372798512785,"SH5924",0.182519456821151
"SH5924","Solitary bees","SOM","V28",3.44593785597479,"SH5924",0.278589743667627
"SH5924","Solitary bees","IDMCO","V28",3.53350779273847,"SH5924",0.204310639244872
"SH5924","Solitary bees","IGSH","V28",4.17277489161095,"SH5924",0.084044183413745
"SH5924","Solitary bees","IGCO","V28",4.23327315797249,"SH5924",0.0159240922817244
"SH7038","Bumblebees","IDMSH","V29",2.2976876206729,"SH7038",0.100058190725149
"SH7038","Bumblebees","SOM","V29",1.27355924000865,"SH7038",0.621065777820547
"SH7038","Bumblebees","IDMCO","V29",1.89495685751402,"SH7038",0.49710427373439
"SH7038","Bumblebees","IGSH","V29",2.80832643769149,"SH7038",0.0240816215653277
"SH7038","Bumblebees","IGCO","V29",2.83016712927168,"SH7038",0.00333479488575418
"SH7038","Hoverflies","IDMSH","V29",4.06346695665398,"SH7038",0.062370111310843
"SH7038","Hoverflies","SOM","V29",4.09058202674036,"SH7038",0.108447862005617
"SH7038","Hoverflies","IDMCO","V29",4.11038010083431,"SH7038",0.114931546733969
"SH7038","Hoverflies","IGSH","V29",4.35560250825005,"SH7038",0.0102997656660771
"SH7038","Hoverflies","IGCO","V29",4.36699526374288,"SH7038",0.00221700199674337
"SH7038","Solitary bees","IDMSH","V29",3.53574385914089,"SH7038",0.187049294647261
"SH7038","Solitary bees","SOM","V29",3.45009745530727,"SH7038",0.266911990470334
"SH7038","Solitary bees","IDMCO","V29",3.52963399542162,"SH7038",0.2063734015149
"SH7038","Solitary bees","IGSH","V29",4.17503420438378,"SH7038",0.0834050259545079
"SH7038","Solitary bees","IGCO","V29",4.23855024030473,"SH7038",0.0104082354582606
"SH7148","Bumblebees","IDMSH","V30",2.30203065281309,"SH7148",0.0999644600568668
"SH7148","Bumblebees","SOM","V30",1.27694502760136,"SH7148",0.619629088084564
"SH7148","Bumblebees","IDMCO","V30",1.90048589894276,"SH7148",0.497467747057601
"SH7148","Bumblebees","IGSH","V30",2.80866092878786,"SH7148",0.0240092020228102
"SH7148","Bumblebees","IGCO","V30",2.83111402960815,"SH7148",0.00229577155734245
"SH7148","Hoverflies","IDMSH","V30",4.06367813434473,"SH7148",0.0622618801746594
"SH7148","Hoverflies","SOM","V30",4.09218284885014,"SH7148",0.107743842978403
"SH7148","Hoverflies","IDMCO","V30",4.11162778568969,"SH7148",0.114222103255108
"SH7148","Hoverflies","IGSH","V30",4.35581401000335,"SH7148",0.010281725441252
"SH7148","Hoverflies","IGCO","V30",4.3677578230023,"SH7148",0.0015271198502746
"SH7148","Solitary bees","IDMSH","V30",3.5282769135354,"SH7148",0.190550224842678
"SH7148","Solitary bees","SOM","V30",3.45006838603347,"SH7148",0.260164415044853
"SH7148","Solitary bees","IDMCO","V30",3.52535834588973,"SH7148",0.208285757547278
"SH7148","Solitary bees","IGSH","V30",4.17635202458817,"SH7148",0.0830744169638186
"SH7148","Solitary bees","IGCO","V30",4.24163783202427,"SH7148",0.00717848215023281
"SH8170","Bumblebees","IDMSH","V31",2.31156003644377,"SH8170",0.0999155593286222
"SH8170","Bumblebees","SOM","V31",1.27982189959179,"SH8170",0.616180574743529
"SH8170","Bumblebees","IDMCO","V31",1.91192239519501,"SH8170",0.498435567743841
"SH8170","Bumblebees","IGSH","V31",2.80918347074921,"SH8170",0.0239008476773622
"SH8170","Bumblebees","IGCO","V31",2.83257873365826,"SH8170",0.000692298046308303
"SH8170","Hoverflies","IDMSH","V31",4.06351164351308,"SH8170",0.0621064678664501
"SH8170","Hoverflies","SOM","V31",4.09447236047776,"SH8170",0.106441116803325
"SH8170","Hoverflies","IDMCO","V31",4.11344865470798,"SH8170",0.112821700659241
"SH8170","Hoverflies","IGSH","V31",4.35614095989299,"SH8170",0.010257035678686
"SH8170","Hoverflies","IGCO","V31",4.36893696482245,"SH8170",0.000461257836039706
"SH8170","Solitary bees","IDMSH","V31",3.50728732127371,"SH8170",0.19872583785688
"SH8170","Solitary bees","SOM","V31",3.44181785977231,"SH8170",0.249907908467685
"SH8170","Solitary bees","IDMCO","V31",3.51186237023686,"SH8170",0.213578004869506
"SH8170","Solitary bees","IGSH","V31",4.17838287183112,"SH8170",0.0826131782578831
"SH8170","Solitary bees","IGCO","V31",4.24642004152661,"SH8170",0.00217289743919059
"SH8207","Bumblebees","IDMSH","V32",2.28418677033049,"SH8207",0.100621484926886
"SH8207","Bumblebees","SOM","V32",1.25537744147652,"SH8207",0.624156718015612
"SH8207","Bumblebees","IDMCO","V32",1.87652550372985,"SH8207",0.49630485159368
"SH8207","Bumblebees","IGSH","V32",2.80690494594024,"SH8207",0.0244281899290339
"SH8207","Bumblebees","IGCO","V32",2.82611871414481,"SH8207",0.00778987208102646
"SH8207","Hoverflies","IDMSH","V32",4.06167145841553,"SH8207",0.0628585481109214
"SH8207","Hoverflies","SOM","V32",4.08340186425803,"SH8207",0.111113955411029
"SH8207","Hoverflies","IDMCO","V32",4.10483637781312,"SH8207",0.117447693047011
"SH8207","Hoverflies","IGSH","V32",4.35469712542619,"SH8207",0.0103978072542039
"SH8207","Hoverflies","IGCO","V32",4.36373125626356,"SH8207",0.00517341008273809
"SH8207","Solitary bees","IDMSH","V32",3.54915490776709,"SH8207",0.177857496860988
"SH8207","Solitary bees","SOM","V32",3.43400092688403,"SH8207",0.296130852139522
"SH8207","Solitary bees","IDMCO","V32",3.53469211313775,"SH8207",0.202918726562395
"SH8207","Solitary bees","IGSH","V32",4.16938218914503,"SH8207",0.0851838847066808
"SH8207","Solitary bees","IGCO","V32",4.22537786202702,"SH8207",0.0241663201893512
"SK0484","Bumblebees","IDMSH","V33",2.31760072422423,"SK0484",0.0999991451648985
"SK0484","Bumblebees","SOM","V33",1.27834353795285,"SK0484",0.613917008242962
"SK0484","Bumblebees","IDMCO","V33",1.91867513501785,"SK0484",0.499164731513405
"SK0484","Bumblebees","IGSH","V33",2.80936314235428,"SK0484",0.0238625947747565
"SK0484","Bumblebees","IGCO","V33",2.83306771778448,"SK0484",0.000158602993601825
"SK0484","Hoverflies","IDMSH","V33",4.06295441408466,"SK0484",0.0620667790407406
"SK0484","Hoverflies","SOM","V33",4.09504525349402,"SK0484",0.10578166513278
"SK0484","Hoverflies","IDMCO","V33",4.11394841274394,"SK0484",0.112039914662694
"SK0484","Hoverflies","IGSH","V33",4.35624995807993,"SK0484",0.0102491291367991
"SK0484","Hoverflies","IGCO","V33",4.36933059701883,"SK0484",0.000105808358552786
"SK0484","Solitary bees","IDMSH","V33",3.49110131916616,"SK0484",0.204092070541799
"SK0484","Solitary bees","SOM","V33",3.43123291940475,"SK0484",0.246420763196578
"SK0484","Solitary bees","IDMCO","V33",3.5005964017655,"SK0484",0.217593306754482
"SK0484","Solitary bees","IGSH","V33",4.17905397813484,"SK0484",0.0824571607939035
"SK0484","Solitary bees","IGCO","V33",4.24801875357042,"SK0484",0.000498900424725761
"SK1590","Bumblebees","IDMSH","V34",2.32018235756111,"SK1590",0.100062510298787
"SK1590","Bumblebees","SOM","V34",1.27693338108692,"SK1590",0.612937370519511
"SK1590","Bumblebees","IDMCO","V34",1.92144351633091,"SK1590",0.49950264698332
"SK1590","Bumblebees","IGSH","V34",2.80940373021125,"SK1590",0.0238526986438039
"SK1590","Bumblebees","IGCO","V34",2.83317181146404,"SK1590",4.52009092985167e-05
"SK1590","Hoverflies","IDMSH","V34",4.06260827853573,"SK1590",0.0620640204200276
"SK1590","Hoverflies","SOM","V34",4.09507991647145,"SK1590",0.105538711592382
"SK1590","Hoverflies","IDMCO","V34",4.11400629672282,"SK1590",0.111730088936195
"SK1590","Hoverflies","IGSH","V34",4.35627308371296,"SK1590",0.0102471782113287
"SK1590","Hoverflies","IGCO","V34",4.36941440741668,"SK1590",3.01730470049369e-05
"SK1590","Solitary bees","IDMSH","V34",3.48358363291762,"SK1590",0.206399112326686
"SK1590","Solitary bees","SOM","V34",3.42555184528317,"SK1590",0.245573570258432
"SK1590","Solitary bees","IDMCO","V34",3.49518560148218,"SK1590",0.21944313994267
"SK1590","Solitary bees","IGSH","V34",4.17919386461218,"SK1590",0.0824156602033015
"SK1590","Solitary bees","IGCO","V34",4.24835931578355,"SK1590",0.000142310247877262
"SK2557","Bumblebees","IDMSH","V35",2.30593364759314,"SK2557",0.0999180653603706
"SK2557","Bumblebees","SOM","V35",1.27888997064449,"SK2557",0.618248243986182
"SK2557","Bumblebees","IDMCO","V35",1.90528583172677,"SK2557",0.497836402372175
"SK2557","Bumblebees","IGSH","V35",2.80891016481992,"SK2557",0.0239570608409558
"SK2557","Bumblebees","IGCO","V35",2.83181606797905,"SK2557",0.00152653530112635
"SK2557","Hoverflies","IDMSH","V35",4.06371485927747,"SK2557",0.0621845932848972
"SK2557","Hoverflies","SOM","V35",4.09332445208854,"SK2557",0.107170809362194
"SK2557","Hoverflies","IDMCO","V35",4.11252602182575,"SK2557",0.113623162923755
"SK2557","Hoverflies","IGSH","V35",4.35597075701182,"SK2557",0.0102694627396544
"SK2557","Hoverflies","IGCO","V35",4.3683230347051,"SK2557",0.00101604752168764
"SK2557","Solitary bees","IDMSH","V35",3.52040626426734,"SK2557",0.193834555777158
"SK2557","Solitary bees","SOM","V35",3.44800643528008,"SK2557",0.2552226451417
"SK2557","Solitary bees","IDMCO","V35",3.52049321282875,"SK2557",0.210283517598177
"SK2557","Solitary bees","IGSH","V35",4.17732712357949,"SK2557",0.0828475210582429
"SK2557","Solitary bees","IGCO","V35",4.24392892298285,"SK2557",0.00478081280075305
"SK4706","Bumblebees","IDMSH","V36",2.28375032237958,"SK4706",0.100646291880967
"SK4706","Bumblebees","SOM","V36",1.25461139279209,"SK4706",0.624206971648248
"SK4706","Bumblebees","IDMCO","V36",1.87589890282957,"SK4706",0.496287680764753
"SK4706","Bumblebees","IGSH","V36",2.80684942129937,"SK4706",0.0244430777385899
"SK4706","Bumblebees","IGCO","V36",2.82596019261918,"SK4706",0.00796462810993851
"SK4706","Hoverflies","IDMSH","V36",4.06158479488758,"SK4706",0.0628782665923923
"SK4706","Hoverflies","SOM","V36",4.08311454429635,"SK4706",0.111213007569396
"SK4706","Hoverflies","IDMCO","V36",4.10461524273062,"SK4706",0.117537414072128
"SK4706","Hoverflies","IGSH","V36",4.35466163329959,"SK4706",0.0104023469864454
"SK4706","Hoverflies","IGCO","V36",4.36360330831693,"SK4706",0.00528939433696785
"SK4706","Solitary bees","IDMSH","V36",3.54931832012689,"SK4706",0.1776197987174
"SK4706","Solitary bees","SOM","V36",3.43305792215145,"SK4706",0.297270793407359
"SK4706","Solitary bees","IDMCO","V36",3.53463647547639,"SK4706",0.202879018287664
"SK4706","Solitary bees","IGSH","V36",4.16916047073749,"SK4706",0.0852659329017354
"SK4706","Solitary bees","IGCO","V36",4.22486293082568,"SK4706",0.0247034427491793
"SK5480","Bumblebees","IDMSH","V37",2.31587706926201,"SK5480",0.0999660890464315
"SK5480","Bumblebees","SOM","V37",1.27902652099589,"SK5480",0.614566410430528
"SK5480","Bumblebees","IDMCO","V37",1.91678762675143,"SK5480",0.498947803867043
"SK5480","Bumblebees","IGSH","V37",2.80932394442493,"SK5480",0.0238713158792933
"SK5480","Bumblebees","IGCO","V37",2.83296317213702,"SK5480",0.000272594352469843
"SK5480","Hoverflies","IDMSH","V37",4.06314940733661,"SK5480",0.0620733878966359
"SK5480","Hoverflies","SOM","V37",4.09495182964296,"SK5480",0.105956838623698
"SK5480","Hoverflies","IDMCO","V37",4.113857774024,"SK5480",0.112254826434514
"SK5480","Hoverflies","IGSH","V37",4.35622667824133,"SK5480",0.0102508862539808
"SK5480","Hoverflies","IGCO","V37",4.36924643153381,"SK5480",0.000181784906313451
"SK5480","Solitary bees","IDMSH","V37",3.49592668993718,"SK5480",0.202554206223192
"SK5480","Solitary bees","SOM","V37",3.43464906769696,"SK5480",0.247194573755182
"SK5480","Solitary bees","IDMCO","V37",3.50401378665525,"SK5480",0.216401222031311
"SK5480","Solitary bees","IGSH","V37",4.17891149638691,"SK5480",0.0824929031905763
"SK5480","Solitary bees","IGCO","V37",4.24767681456708,"SK5480",0.000856946503154749
"SK9826","Bumblebees","IDMSH","V38",2.29246803466319,"SK9826",0.100228138246163
"SK9826","Bumblebees","SOM","V38",1.26785186172741,"SK9826",0.622566839185345
"SK9826","Bumblebees","IDMCO","V38",1.88805215129949,"SK9826",0.496734664638398
"SK9826","Bumblebees","IGSH","V38",2.80784512634336,"SK9826",0.0241916541421789
"SK9826","Bumblebees","IGCO","V38",2.82879934878705,"SK9826",0.00483798394156304
"SK9826","Hoverflies","IDMSH","V38",4.06297666080304,"SK9826",0.0625313929882136
"SK9826","Hoverflies","SOM","V38",4.08819994207764,"SK9826",0.109390121920505
"SK9826","Hoverflies","IDMCO","V38",4.108535212529,"SK9826",0.11584667905096
"SK9826","Hoverflies","IGSH","V38",4.35529683106278,"SK9826",0.010329051303423
"SK9826","Hoverflies","IGCO","V38",4.3658932302906,"SK9826",0.00321461263398347
"SK9826","Solitary bees","IDMSH","V38",3.54277360700066,"SK9826",0.183134220131006
"SK9826","Solitary bees","SOM","V38",3.44684030885769,"SK9826",0.276764162385274
"SK9826","Solitary bees","IDMCO","V38",3.53311047290314,"SK9826",0.204557871693509
"SK9826","Solitary bees","IGSH","V38",4.17312723611543,"SK9826",0.0839382743731705
"SK9826","Solitary bees","IGCO","V38",4.2340949860298,"SK9826",0.0150654364804602
"SN0732","Bumblebees","IDMSH","V39",2.25120575443903,"SN0732",0.103521687756701
"SN0732","Bumblebees","SOM","V39",1.17559851275611,"SN0732",0.618856448177842
"SN0732","Bumblebees","IDMCO","V39",1.82426293139296,"SN0732",0.496645072301779
"SN0732","Bumblebees","IGSH","V39",2.80107075820318,"SN0732",0.0265429355729747
"SN0732","Bumblebees","IGCO","V39",2.80945698692376,"SN0732",0.0262115719813523
"SN0732","Hoverflies","IDMSH","V39",4.05018029489583,"SN0732",0.0651152431662997
"SN0732","Hoverflies","SOM","V39",4.05225946852512,"SN0732",0.121332884269864
"SN0732","Hoverflies","IDMCO","V39",4.08088061888812,"SN0732",0.126000998158062
"SN0732","Hoverflies","IGSH","V39",4.35094563263504,"SN0732",0.0111542760266407
"SN0732","Hoverflies","IGCO","V39",4.35021187241412,"SN0732",0.0174548830814394
"SN0732","Solitary bees","IDMSH","V39",3.50651162341457,"SN0732",0.180142959605356
"SN0732","Solitary bees","SOM","V39",3.28978674986357,"SN0732",0.405144245189371
"SN0732","Solitary bees","IDMCO","V39",3.48874622026417,"SN0732",0.216397842257563
"SN0732","Solitary bees","IGSH","V39",4.14597529815717,"SN0732",0.0984887146998725
"SN0732","Solitary bees","IGCO","V39",4.17156300851871,"SN0732",0.0800084812285535
"SN6098","Bumblebees","IDMSH","V40",2.28025644341202,"SN6098",0.100859140851118
"SN6098","Bumblebees","SOM","V40",1.24811537872529,"SN6098",0.624476229387145
"SN6098","Bumblebees","IDMCO","V40",1.87081518747983,"SN6098",0.496170453647072
"SN6098","Bumblebees","IGSH","V40",2.8063834967412,"SN6098",0.0245720802607679
"SN6098","Bumblebees","IGCO","V40",2.82462944806408,"SN6098",0.00943235302285884
"SN6098","Hoverflies","IDMSH","V40",4.06082677359674,"SN6098",0.0630452579792005
"SN6098","Hoverflies","SOM","V40",4.08069095536885,"SN6098",0.112036987096995
"SN6098","Hoverflies","IDMCO","V40",4.1027507674504,"SN6098",0.118275861577942
"SN6098","Hoverflies","IGSH","V40",4.35436355512962,"SN6098",0.0104425396081553
"SN6098","Hoverflies","IGCO","V40",4.36252876333116,"SN6098",0.00626370331236027
"SN6098","Solitary bees","IDMSH","V40",3.54997180212417,"SN6098",0.175893452574717
"SN6098","Solitary bees","SOM","V40",3.42453997400129,"SN6098",0.306793849665456
"SN6098","Solitary bees","IDMCO","V40",3.53367520387949,"SN6098",0.202743853118833
"SN6098","Solitary bees","IGSH","V40",4.1672982568695,"SN6098",0.0859914071537983
"SN6098","Solitary bees","IGCO","V40",4.22054259668351,"SN6098",0.0292078543617198
"SN6185","Bumblebees","IDMSH","V41",2.27456938506065,"SN6185",0.101258422146668
"SN6185","Bumblebees","SOM","V41",1.23625791881523,"SN6185",0.624409018741192
"SN6185","Bumblebees","IDMCO","V41",1.86228815212525,"SN6185",0.496057744579935
"SN6185","Bumblebees","IGSH","V41",2.80554405824669,"SN6185",0.0248228673009541
"SN6185","Bumblebees","IGCO","V41",2.82223042345433,"SN6185",0.0120809717083973
"SN6185","Hoverflies","IDMSH","V41",4.05934955289255,"SN6185",0.0633525449967315
"SN6185","Hoverflies","SOM","V41",4.07627922480167,"SN6185",0.11350090013057
"SN6185","Hoverflies","IDMCO","V41",4.09935892850056,"SN6185",0.11955764575418
"SN6185","Hoverflies","IGSH","V41",4.35382556632499,"SN6185",0.0105243508606531
"SN6185","Hoverflies","IGCO","V41",4.36058945772886,"SN6185",0.00802309957693643
"SN6185","Solitary bees","IDMSH","V41",3.54846515064513,"SN6185",0.173856031139236
"SN6185","Solitary bees","SOM","V41",3.40699717751144,"SN6185",0.323689739641202
"SN6185","Solitary bees","IDMCO","V41",3.5301138432244,"SN6185",0.203260229753594
"SN6185","Solitary bees","IGSH","V41",4.16393723221005,"SN6185",0.0874626150471635
"SN6185","Solitary bees","IGCO","V41",4.21276443798272,"SN6185",0.0373079028686176
"SN6634","Bumblebees","IDMSH","V42",2.25209447326391,"SN6634",0.103418861658088
"SN6634","Bumblebees","SOM","V42",1.17814057280258,"SN6634",0.619183042416846
"SN6634","Bumblebees","IDMCO","V42",1.82578866455207,"SN6634",0.496591426390639
"SN6634","Bumblebees","IGSH","V42",2.80127009985199,"SN6634",0.0264532218175266
"SN6634","Bumblebees","IGCO","V42",2.81002509078632,"SN6634",0.0255827557458804
"SN6634","Hoverflies","IDMSH","V42",4.0506180882071,"SN6634",0.0650323251937334
"SN6634","Hoverflies","SOM","V42",4.05334089786799,"SN6634",0.120975621082382
"SN6634","Hoverflies","IDMCO","V42",4.08171365495012,"SN6634",0.125717574213322
"SN6634","Hoverflies","IGSH","V42",4.35107432024168,"SN6634",0.0111196378516594
"SN6634","Hoverflies","IGCO","V42",4.35067540305002,"SN6634",0.0170330899762051
"SN6634","Solitary bees","IDMSH","V42",3.50918492302167,"SN6634",0.179370707129141
"SN6634","Solitary bees","SOM","V42",3.29545189414716,"SN6634",0.401861901406595
"SN6634","Solitary bees","IDMCO","V42",3.49110556071333,"SN6634",0.215552904389051
"SN6634","Solitary bees","IGSH","V42",4.14677622117133,"SN6634",0.0978969021049805
"SN6634","Solitary bees","IGCO","V42",4.17338797698979,"SN6634",0.0781246318811736
"SN6777","Bumblebees","IDMSH","V43",2.2710629840592,"SN6777",0.101536042405562
"SN6777","Bumblebees","SOM","V43",1.22824117338669,"SN6777",0.624072407781236
"SN6777","Bumblebees","IDMCO","V43",1.8568795568909,"SN6777",0.496037330075247
"SN6777","Bumblebees","IGSH","V43",2.8049768905076,"SN6777",0.025005601065799
"SN6777","Bumblebees","IGCO","V43",2.82060914542035,"SN6777",0.0138724491566297
"SN6777","Hoverflies","IDMSH","V43",4.05828940984795,"SN6777",0.0635645538536251
"SN6777","Hoverflies","SOM","V43",4.07327355848944,"SN6777",0.114483225014313
"SN6777","Hoverflies","IDMCO","V43",4.09704857358002,"SN6777",0.120399717172998
"SN6777","Hoverflies","IGSH","V43",4.35346151030373,"SN6777",0.010586384214802
"SN6777","Hoverflies","IGCO","V43",4.35927722298279,"SN6777",0.00921425417228925
"SN6777","Solitary bees","IDMSH","V43",3.54589107046345,"SN6777",0.173163707193202
"SN6777","Solitary bees","SOM","V43",3.39393344029619,"SN6777",0.334865080321042
"SN6777","Solitary bees","IDMCO","V43",3.52666179127014,"SN6777",0.204065522241062
"SN6777","Solitary bees","IGSH","V43",4.16166328591024,"SN6777",0.0885727956641193
"SN6777","Solitary bees","IGCO","V43",4.20751525767798,"SN6777",0.0427673993217569
"SN7659","Bumblebees","IDMSH","V44",2.26315095926121,"SN7659",0.102246085792074
"SN7659","Bumblebees","SOM","V44",1.20851403825159,"SN7659",0.622590657654016
"SN7659","Bumblebees","IDMCO","V44",1.84427161805948,"SN7659",0.496131283747935
"SN7659","Bumblebees","IGSH","V44",2.80356009433535,"SN7659",0.0255080228681785
"SN7659","Bumblebees","IGCO","V44",2.81656018377677,"SN7659",0.01835015775707
"SN7659","Hoverflies","IDMSH","V44",4.05548307645276,"SN7659",0.064108912644623
"SN7659","Hoverflies","SOM","V44",4.06570312116645,"SN7659",0.116939036282999
"SN7659","Hoverflies","IDMCO","V44",4.09122810817303,"SN7659",0.122454828241641
"SN7659","Hoverflies","IGSH","V44",4.35255051898582,"SN7659",0.0107645849126029
"SN7659","Hoverflies","IGCO","V44",4.35599398692016,"SN7659",0.0121965926050601
"SN7659","Solitary bees","IDMSH","V44",3.53530635879363,"SN7659",0.173517894689331
"SN7659","Solitary bees","SOM","V44",3.35835075375397,"SN7659",0.36177368206267
"SN7659","Solitary bees","IDMCO","V44",3.51529683403374,"SN7659",0.207351713589819
"SN7659","Solitary bees","IGSH","V44",4.15597637151378,"SN7659",0.0917333837660889
"SN7659","Solitary bees","IGCO","V44",4.19443120975811,"SN7659",0.0563513747030329
"SO1474","Bumblebees","IDMSH","V45",2.26974661043743,"SO1474",0.101646264271131
"SO1474","Bumblebees","SOM","V45",1.2251072285014,"SO1474",0.623892281582943
"SO1474","Bumblebees","IDMCO","V45",1.85482010952421,"SO1474",0.496039449689844
"SO1474","Bumblebees","IGSH","V45",2.80475427620737,"SO1474",0.0250802257256617
"SO1474","Bumblebees","IGCO","V45",2.81997280538222,"SO1474",0.0145758614691506
"SO1474","Hoverflies","IDMSH","V45",4.05786217257666,"SO1474",0.063648702767964
"SO1474","Hoverflies","SOM","V45",4.07208941741806,"SO1474",0.1148683866098
"SO1474","Hoverflies","IDMCO","V45",4.09613833731183,"SO1474",0.120726468125999
"SO1474","Hoverflies","IGSH","V45",4.35331851092687,"SO1474",0.0106122023949077
"SO1474","Hoverflies","IGCO","V45",4.35876180735391,"SO1474",0.00968224633195631
"SO1474","Solitary bees","IDMSH","V45",3.54459274005789,"SO1474",0.173029435471281
"SO1474","Solitary bees","SOM","V45",3.38859334430701,"SO1474",0.339191678085564
"SO1474","Solitary bees","IDMCO","V45",3.52511554483635,"SO1474",0.204468562866912
"SO1474","Solitary bees","IGSH","V45",4.16077025781604,"SO1474",0.0890333913148259
"SO1474","Solitary bees","IGCO","V45",4.20545658251412,"SO1474",0.0449070366391027
"SO2568","Bumblebees","IDMSH","V46",2.26711123461661,"SO2568",0.101876539386013
"SO2568","Bumblebees","SOM","V46",1.21864637106684,"SO2568",0.623449052748339
"SO2568","Bumblebees","IDMCO","V46",1.85065066201125,"SO2568",0.496059854328372
"SO2568","Bumblebees","IGSH","V46",2.80429281796153,"SO2568",0.0252400762071403
"SO2568","Bumblebees","IGCO","V46",2.81865385963588,"SO2568",0.0160342364435428
"SO2568","Hoverflies","IDMSH","V46",4.05695911871405,"SO2568",0.0638247878898483
"SO2568","Hoverflies","SOM","V46",4.06962795278934,"SO2568",0.115667147503152
"SO2568","Hoverflies","IDMCO","V46",4.09424607029714,"SO2568",0.12139854862092
"SO2568","Hoverflies","IGSH","V46",4.3530219124627,"SO2568",0.0106683305002829
"SO2568","Hoverflies","IGCO","V46",4.35769281871641,"SO2568",0.0106531058089791
"SO2568","Solitary bees","IDMSH","V46",3.54144148519714,"SO2568",0.172983676741364
"SO2568","Solitary bees","SOM","V46",3.37719919783268,"SO2568",0.3480462609539
"SO2568","Solitary bees","IDMCO","V46",3.52160721135561,"SO2568",0.205445605252752
"SO2568","Solitary bees","IGSH","V46",4.15891838078842,"SO2568",0.0900316336829028
"SO2568","Solitary bees","IGCO","V46",4.20119238015426,"SO2568",0.0493362080910161
"SO3129","Bumblebees","IDMSH","V47",2.24987134283454,"SO3129",0.103678371411896
"SO3129","Bumblebees","SOM","V47",1.17176057658116,"SO3129",0.61835404704867
"SO3129","Bumblebees","IDMCO","V47",1.82196159303756,"SO3129",0.49673025119405
"SO3129","Bumblebees","IGSH","V47",2.80076727069827,"SO3129",0.0266817242543885
"SO3129","Bumblebees","IGCO","V47",2.80859235005418,"SO3129",0.0271685895213
"SO3129","Hoverflies","IDMSH","V47",4.04951010684351,"SO3129",0.0652422632978536
"SO3129","Hoverflies","SOM","V47",4.05061171686003,"SO3129",0.121878878582367
"SO3129","Hoverflies","IDMCO","V47",4.07961110029567,"SO3129",0.126432724580091
"SO3129","Hoverflies","IGSH","V47",4.35074965988453,"SO3129",0.0112081145543751
"SO3129","Hoverflies","IGCO","V47",4.34950602143311,"SO3129",0.0180972566480978
"SO3129","Solitary bees","IDMSH","V47",3.50233919530428,"SO3129",0.181390094785749
"SO3129","Solitary bees","SOM","V47",3.28112281240782,"SO3129",0.410077663725952
"SO3129","Solitary bees","IDMCO","V47",3.4850898759849,"SO3129",0.217717863015921
"SO3129","Solitary bees","IGSH","V47",4.14475598544071,"SO3129",0.0994053152613294
"SO3129","Solitary bees","IGCO","V47",4.16878680272665,"SO3129",0.0828728604463623
"SO4718","Bumblebees","IDMSH","V48",2.24496382529117,"SO4718",0.104277734005412
"SO4718","Bumblebees","SOM","V48",1.15746466963139,"SO4718",0.616396506870142
"SO4718","Bumblebees","IDMCO","V48",1.81339456010578,"SO4718",0.497091027265358
"SO4718","Bumblebees","IGSH","V48",2.7996085917902,"SO4718",0.027235505844969
"SO4718","Bumblebees","IGCO","V48",2.80529447784008,"SO4718",0.0308183111128485
"SO4718","Hoverflies","IDMSH","V48",4.04691417730001,"SO4718",0.0657359128368659
"SO4718","Hoverflies","SOM","V48",4.04430748804435,"SO4718",0.123987705419491
"SO4718","Hoverflies","IDMCO","V48",4.07475127352593,"SO4718",0.128085459692957
"SO4718","Hoverflies","IGSH","V48",4.35000090003697,"SO4718",0.0114256172773663
"SO4718","Hoverflies","IGCO","V48",4.34680961456755,"SO4718",0.0205520209042787
"SO4718","Solitary bees","IDMSH","V48",3.48537713674024,"SO4718",0.18688503433467
"SO4718","Solitary bees","SOM","V48",3.24770730080953,"SO4718",0.428212983093658
"SO4718","Solitary bees","IDMCO","V48",3.47048478188158,"SO4718",0.223093986975425
"SO4718","Solitary bees","IGSH","V48",4.14010174563669,"SO4718",0.103068904144389
"SO4718","Solitary bees","IGCO","V48",4.15821282153686,"SO4718",0.0937668608382606
"SO6087","Bumblebees","IDMSH","V49",2.27544514893112,"SO6087",0.10119277279053
"SO6087","Bumblebees","SOM","V49",1.23818019440878,"SO6087",0.624459062685504
"SO6087","Bumblebees","IDMCO","V49",1.86362122992388,"SO6087",0.496068721335447
"SO6087","Bumblebees","IGSH","V49",2.80567983049692,"SO6087",0.0247807076785069
"SO6087","Bumblebees","IGCO","V49",2.82261851638014,"SO6087",0.0116523030002861
"SO6087","Hoverflies","IDMSH","V49",4.05959660053782,"SO6087",0.0633023087667642
"SO6087","Hoverflies","SOM","V49",4.07699605395231,"SO6087",0.113265230117323
"SO6087","Hoverflies","IDMCO","V49",4.09990995064898,"SO6087",0.119353608690618
"SO6087","Hoverflies","IGSH","V49",4.35391265370326,"SO6087",0.0105103050892904
"SO6087","Hoverflies","IGCO","V49",4.36090337457826,"SO6087",0.00773822361800054
"SO6087","Solitary bees","IDMSH","V49",3.54890981181354,"SO6087",0.174100089718569
"SO6087","Solitary bees","SOM","V49",3.40999398296778,"SO6087",0.320983934805186
"SO6087","Solitary bees","IDMCO","V49",3.53082556515411,"SO6087",0.203118461444683
"SO6087","Solitary bees","IGSH","V49",4.16448126386529,"SO6087",0.0872105823184276
"SO6087","Solitary bees","IGCO","V49",4.21402183060509,"SO6087",0.0359993037036295
"SO8911","Bumblebees","IDMSH","V50",2.24182775443247,"SO8911",0.104679272307446
"SO8911","Bumblebees","SOM","V50",1.14821648886271,"SO8911",0.615069470262064
"SO8911","Bumblebees","IDMCO","V50",1.80783963602583,"SO8911",0.497360303811069
"SO8911","Bumblebees","IGSH","V50",2.79883376156425,"SO8911",0.0276262844412242
"SO8911","Bumblebees","IGCO","V50",2.80309215861338,"SO8911",0.0332548520299413
"SO8911","Hoverflies","IDMSH","V50",4.04514885471097,"SO8911",0.0660737509938098
"SO8911","Hoverflies","SOM","V50",4.0400814409763,"SO8911",0.125420534927171
"SO8911","Hoverflies","IDMCO","V50",4.07149105741708,"SO8911",0.129196518479694
"SO8911","Hoverflies","IGSH","V50",4.3494997182423,"SO8911",0.0115812756252324
"SO8911","Hoverflies","IGCO","V50",4.34500521067655,"SO8911",0.022195431178468
"SO8911","Solitary bees","IDMSH","V50",3.47323185592534,"SO8911",0.191139715564386
"SO8911","Solitary bees","SOM","V50",3.2251606736398,"SO8911",0.439735831559537
"SO8911","Solitary bees","IDMCO","V50",3.46021876556382,"SO8911",0.226946303726973
"SO8911","Solitary bees","IGSH","V50",4.13699061115919,"SO8911",0.105653488084414
"SO8911","Solitary bees","IGCO","V50",4.15116481623114,"SO8911",0.101013768694097
"SP1430","Bumblebees","IDMSH","V51",2.25031632762021,"SP1430",0.103625818446996
"SP1430","Bumblebees","SOM","V51",1.17304309589816,"SP1430",0.618523138830042
"SP1430","Bumblebees","IDMCO","V51",1.82273039794084,"SP1430",0.496701229824179
"SP1430","Bumblebees","IGSH","V51",2.80086902970462,"SP1430",0.0266348937287124
"SP1430","Bumblebees","IGCO","V51",2.80888222457814,"SP1430",0.0268477475683853
"SP1430","Hoverflies","IDMSH","V51",4.04973530258805,"SP1430",0.0651995683761354
"SP1430","Hoverflies","SOM","V51",4.05116438039576,"SP1430",0.12169552368275
"SP1430","Hoverflies","IDMCO","V51",4.08003693498285,"SP1430",0.12628793035363
"SP1430","Hoverflies","IGSH","V51",4.35081537629856,"SP1430",0.0111899149639849
"SP1430","Hoverflies","IGCO","V51",4.34974271218442,"SP1430",0.0178818410158715
"SP1430","Solitary bees","IDMSH","V51",3.50375165905447,"SP1430",0.180962500688003
"SP1430","Solitary bees","SOM","V51",3.28403276830782,"SP1430",0.408432056734933
"SP1430","Solitary bees","IDMCO","V51",3.486324285423,"SP1430",0.217270849487198
"SP1430","Solitary bees","IGSH","V51",4.14516481144617,"SP1430",0.0990959089557921
"SP1430","Solitary bees","IGCO","V51",4.16971736126132,"SP1430",0.0819129359774406
"SP4951","Bumblebees","IDMSH","V52",2.25962254778255,"SP4951",0.102598337648864
"SP4951","Bumblebees","SOM","V52",1.19911493827055,"SP4951",0.621650673741409
"SP4951","Bumblebees","IDMCO","V52",1.83847759902921,"SP4951",0.496236372403287
"SP4951","Bumblebees","IGSH","V52",2.80286799926233,"SP4951",0.0257767431118742
"SP4951","Bumblebees","IGCO","V52",2.81458358871359,"SP4951",0.0205373179826644
"SP4951","Hoverflies","IDMSH","V52",4.05404866466453,"SP4951",0.0643823425569397
"SP4951","Hoverflies","SOM","V52",4.06198045528122,"SP4951",0.118147435352609
"SP4951","Hoverflies","IDMCO","V52",4.08836450845591,"SP4951",0.123444547099342
"SP4951","Hoverflies","IGSH","V52",4.35210481523492,"SP4951",0.0108633767638496
"SP4951","Hoverflies","IGCO","V52",4.3543879227639,"SP4951",0.0136564300794332
"SP4951","Solitary bees","IDMSH","V52",3.52841122143713,"SP4951",0.174656251439325
"SP4951","Solitary bees","SOM","V52",3.33986977129906,"SP4951",0.374347432730316
"SP4951","Solitary bees","IDMCO","V52",3.50862412809315,"SP4951",0.209504120910721
"SP4951","Solitary bees","IGSH","V52",4.1531963521701,"SP4951",0.0934663504784358
"SP4951","Solitary bees","IGCO","V52",4.18805681283566,"SP4951",0.0629566708799741
"SP6302","Bumblebees","IDMSH","V53",2.23777900111498,"SP6302",0.1052183269938
"SP6302","Bumblebees","SOM","V53",1.1361970261547,"SP6302",0.613286986125015
"SP6302","Bumblebees","IDMCO","V53",1.80058302124084,"SP6302",0.497751837012729
"SP6302","Bumblebees","IGSH","V53",2.79779479684997,"SP6302",0.0281748558713473
"SP6302","Bumblebees","IGCO","V53",2.80014316874918,"SP6302",0.036516082571817
"SP6302","Hoverflies","IDMSH","V53",4.04274961369657,"SP6302",0.0665365274810168
"SP6302","Hoverflies","SOM","V53",4.03440383353231,"SP6302",0.127371655276127
"SP6302","Hoverflies","IDMCO","V53",4.06710794774522,"SP6302",0.130696181660018
"SP6302","Hoverflies","IGSH","V53",4.3488271230308,"SP6302",0.0118022336732351
"SP6302","Hoverflies","IGCO","V53",4.34258425221591,"SP6302",0.0244012230641748
"SP6302","Solitary bees","IDMSH","V53",3.4560941176202,"SP6302",0.197465674419841
"SP6302","Solitary bees","SOM","V53",3.19480822092473,"SP6302",0.454457672161898
"SP6302","Solitary bees","IDMCO","V53",3.44592572895456,"SP6302",0.232375521527233
"SP6302","Solitary bees","IGSH","V53",4.13282106848499,"SP6302",0.109271846352782
"SP6302","Solitary bees","IGCO","V53",4.14174417674637,"SP6302",0.110681339279949
"SS8395","Bumblebees","IDMSH","V54",2.23461584606026,"SS8395",0.105655261351012
"SS8395","Bumblebees","SOM","V54",1.12677416822279,"SS8395",0.611850098638041
"SS8395","Bumblebees","IDMCO","V54",1.79485217533275,"SS8395",0.498091497285468
"SS8395","Bumblebees","IGSH","V54",2.79695352298799,"SS8395",0.0286388164304671
"SS8395","Bumblebees","IGCO","V54",2.79775890545803,"SS8395",0.0391513109744554
"SS8395","Hoverflies","IDMSH","V54",4.04078280326822,"SS8395",0.066919490596802
"SS8395","Hoverflies","SOM","V54",4.02979858265411,"SS8395",0.128977285787604
"SS8395","Hoverflies","IDMCO","V54",4.06355011621283,"SS8395",0.131920186274609
"SS8395","Hoverflies","IGSH","V54",4.34828205113801,"SS8395",0.0119909661562866
"SS8395","Hoverflies","IGCO","V54",4.34062282302625,"SS8395",0.0261889921927191
"SS8395","Solitary bees","IDMSH","V54",3.44160097880405,"SS8395",0.203033370779084
"SS8395","Solitary bees","SOM","V54",3.17020989276754,"SS8395",0.465793951732276
"SS8395","Solitary bees","IDMCO","V54",3.43397218767353,"SS8395",0.236953821600905
"SS8395","Solitary bees","IGSH","V54",4.12944709505727,"SS8395",0.112318133044395
"SS8395","Solitary bees","IGCO","V54",4.13414192484029,"SS8395",0.118466274361168
"ST2636","Bumblebees","IDMSH","V55",2.20732141306566,"ST2636",0.109972625271083
"ST2636","Bumblebees","SOM","V55",1.04693554984718,"ST2636",0.598642942301567
"ST2636","Bumblebees","IDMCO","V55",1.74381005241441,"ST2636",0.502137850114415
"ST2636","Bumblebees","IGSH","V55",2.78871701284276,"ST2636",0.0339690421921558
"ST2636","Bumblebees","IGCO","V55",2.77460727633074,"ST2636",0.0646234464514973
"ST2636","Hoverflies","IDMSH","V55",4.02070678987753,"ST2636",0.0710640984515809
"ST2636","Hoverflies","SOM","V55",3.98447249492919,"ST2636",0.145945858996172
"ST2636","Hoverflies","IDMCO","V55",4.02841433987584,"ST2636",0.144492646461981
"ST2636","Hoverflies","IGSH","V55",4.34292568726933,"ST2636",0.0142261108541988
"ST2636","Hoverflies","IGCO","V55",4.32137683109211,"ST2636",0.0437569372450048
"ST2636","Solitary bees","IDMSH","V55",3.28266209252387,"ST2636",0.268323818837971
"ST2636","Solitary bees","SOM","V55",2.93669643489205,"ST2636",0.554183416517373
"ST2636","Solitary bees","IDMCO","V55",3.3064123091208,"ST2636",0.285466009005456
"ST2636","Solitary bees","IGSH","V55",4.09657257143002,"ST2636",0.145930318376048
"ST2636","Solitary bees","IGCO","V55",4.06102975417902,"ST2636",0.192413856574729
"ST2983","Bumblebees","IDMSH","V56",2.22916154233225,"ST2983",0.106440351405085
"ST2983","Bumblebees","SOM","V56",1.1105261575491,"ST2983",0.60930113841614
"ST2983","Bumblebees","IDMCO","V56",1.78485702741592,"ST2983",0.498744780561055
"ST2983","Bumblebees","IGSH","V56",2.79544393929318,"ST2983",0.0295132635105861
"ST2983","Bumblebees","IGCO","V56",2.79348907839899,"ST2983",0.0438664226454385
"ST2983","Hoverflies","IDMSH","V56",4.03720612428282,"ST2983",0.0676252801274809
"ST2983","Hoverflies","SOM","V56",4.02151986314054,"ST2983",0.131917486020047
"ST2983","Hoverflies","IDMCO","V56",4.05714855942214,"ST2983",0.134141344048435
"ST2983","Hoverflies","IGSH","V56",4.34730298833065,"ST2983",0.0123503724365027
"ST2983","Hoverflies","IGCO","V56",4.33710092285887,"ST2983",0.0294004660024934
"ST2983","Solitary bees","IDMSH","V56",3.41445071470372,"ST2983",0.213827006638131
"ST2983","Solitary bees","SOM","V56",3.12620263858004,"ST2983",0.484909000778935
"ST2983","Solitary bees","IDMCO","V56",3.41181886446639,"ST2983",0.245480726506863
"ST2983","Solitary bees","IGSH","V56",4.12339876632228,"ST2983",0.118014405672862
"ST2983","Solitary bees","IGCO","V56",4.12056020833034,"ST2983",0.13233498680915
"ST4543","Bumblebees","IDMSH","V57",2.21062992253477,"ST4543",0.109397761793641
"ST4543","Bumblebees","SOM","V57",1.05633116629009,"ST4543",0.600271049655293
"ST4543","Bumblebees","IDMCO","V57",1.75010050168327,"ST4543",0.501551475211034
"ST4543","Bumblebees","IGSH","V57",2.78980066324422,"ST4543",0.0331972450370097
"ST4543","Bumblebees","IGCO","V57",2.77763211244093,"ST4543",0.0613108564534758
"ST4543","Hoverflies","IDMSH","V57",4.02341536206388,"ST4543",0.0704775160217372
"ST4543","Hoverflies","SOM","V57",3.99045260932979,"ST4543",0.143585608311464
"ST4543","Hoverflies","IDMCO","V57",4.03306192665609,"ST4543",0.142772105935062
"ST4543","Hoverflies","IGSH","V57",4.3436323790707,"ST4543",0.0138976642058755
"ST4543","Hoverflies","IGCO","V57",4.32391276225263,"ST4543",0.0414398192535525
"ST4543","Solitary bees","IDMSH","V57",3.30461553795075,"ST4543",0.259245082937725
"ST4543","Solitary bees","SOM","V57",2.96624044831928,"ST4543",0.544533935993199
"ST4543","Solitary bees","IDMCO","V57",3.32384872918581,"ST4543",0.278990857440614
"ST4543","Solitary bees","IGSH","V57",4.10087765001713,"ST4543",0.141230558634974
"ST4543","Solitary bees","IGCO","V57",4.07050594847192,"ST4543",0.182937862678608
"ST9351","Bumblebees","IDMSH","V58",2.21438517331763,"ST9351",0.108762596713366
"ST9351","Bumblebees","SOM","V58",1.06711552992123,"ST9351",0.602120965679541
"ST9351","Bumblebees","IDMCO","V58",1.75721766356052,"ST9351",0.50091503304547
"ST9351","Bumblebees","IGSH","V58",2.79100420788172,"ST9351",0.0323623506907673
"ST9351","Bumblebees","IGCO","V58",2.78099939752596,"ST9351",0.0576169505631133
"ST9351","Hoverflies","IDMSH","V58",4.02640328821019,"ST9351",0.069840754425102
"ST9351","Hoverflies","SOM","V58",3.99709009106712,"ST9351",0.141008545374394
"ST9351","Hoverflies","IDMCO","V58",4.03821625099404,"ST9351",0.14088548399065
"ST9351","Hoverflies","IGSH","V58",4.34441657191365,"ST9351",0.0135436751347858
"ST9351","Hoverflies","IGCO","V58",4.3267280455837,"ST9351",0.0388681710467054
"ST9351","Solitary bees","IDMSH","V58",3.32877954972936,"ST9351",0.249206457140994
"ST9351","Solitary bees","SOM","V58",2.99954582683704,"ST9351",0.533197196714878
"ST9351","Solitary bees","IDMCO","V58",3.3430728474379,"ST9351",0.271773923129396
"ST9351","Solitary bees","IGSH","V58",4.10566703869971,"ST9351",0.136083512449754
"ST9351","Solitary bees","IGCO","V58",4.08108275394895,"ST9351",0.172319332469621
"SU1466","Bumblebees","IDMSH","V59",2.22135727911005,"SU1466",0.107631684887814
"SU1466","Bumblebees","SOM","V59",1.08743582375843,"SU1466",0.605541785044962
"SU1466","Bumblebees","IDMCO","V59",1.77034480043119,"SU1466",0.499821530719077
"SU1466","Bumblebees","IGSH","V59",2.79316011956791,"SU1466",0.0309306326181614
"SU1466","Bumblebees","IGCO","V59",2.78705122609241,"SU1466",0.0509630197625029
"SU1466","Hoverflies","IDMSH","V59",4.03169610722649,"SU1466",0.0687387720843288
"SU1466","Hoverflies","SOM","V59",4.00896570755918,"SU1466",0.136511463376133
"SU1466","Hoverflies","IDMCO","V59",4.04742716673108,"SU1466",0.13756914916005
"SU1466","Hoverflies","IGSH","V59",4.34581947091659,"SU1466",0.012940620059155
"SU1466","Hoverflies","IGCO","V59",4.33176763312207,"SU1466",0.0342667803787191
"SU1466","Solitary bees","IDMSH","V59",3.37122864817261,"SU1466",0.231557964879349
"SU1466","Solitary bees","SOM","V59",3.06038952579117,"SU1466",0.511109706778781
"SU1466","Solitary bees","IDMCO","V59",3.37698142804896,"SU1466",0.258876192114025
"SU1466","Solitary bees","IGSH","V59",4.11426575862392,"SU1466",0.127101026369668
"SU1466","Solitary bees","IGCO","V59",4.10016376142151,"SU1466",0.153058553312089
"SU3986","Bumblebees","IDMSH","V60",2.23052908617634,"SU3986",0.106239790796157
"SU3986","Bumblebees","SOM","V60",1.11459586069401,"SU3986",0.609947553034766
"SU3986","Bumblebees","IDMCO","V60",1.78737563869444,"SU3986",0.498573097036733
"SU3986","Bumblebees","IGSH","V60",2.79582930511692,"SU3986",0.0292850883538217
"SU3986","Bumblebees","IGCO","V60",2.79457801381764,"SU3986",0.0426644891536612
"SU3986","Hoverflies","IDMSH","V60",4.03812456597865,"SU3986",0.0674428287468706
"SU3986","Hoverflies","SOM","V60",4.02363491557604,"SU3986",0.131159647381529
"SU3986","Hoverflies","IDMCO","V60",4.05878473078067,"SU3986",0.133571125804113
"SU3986","Hoverflies","IGSH","V60",4.34755304098305,"SU3986",0.0122561802863091
"SU3986","Hoverflies","IGCO","V60",4.33800026047315,"SU3986",0.0285802339605996
"SU3986","Solitary bees","IDMSH","V60",3.42150623441936,"SU3986",0.210986397397306
"SU3986","Solitary bees","SOM","V60",3.13740994033919,"SU3986",0.480173080469098
"SU3986","Solitary bees","IDMCO","V60",3.41755080556569,"SU3986",0.243272110990554
"SU3986","Solitary bees","IGSH","V60",4.12494199093151,"SU3986",0.116534261985876
"SU3986","Solitary bees","IGCO","V60",4.12401992887062,"SU3986",0.128807138717624
"SU6679","Bumblebees","IDMSH","V61",2.22733381596786,"SU6679",0.106712242872893
"SU6679","Bumblebees","SOM","V61",1.10509518831812,"SU6679",0.608430634989597
"SU6679","Bumblebees","IDMCO","V61",1.78147875011463,"SU6679",0.4989823055245
"SU6679","Bumblebees","IGSH","V61",2.79492186565554,"SU6679",0.0298276035752409
"SU6679","Bumblebees","IGCO","V61",2.79201503551564,"SU6679",0.0454927506410204
"SU6679","Hoverflies","IDMSH","V61",4.03595637009836,"SU6679",0.0678749539918806
"SU6679","Hoverflies","SOM","V61",4.01865285067283,"SU6679",0.132952147133676
"SU6679","Hoverflies","IDMCO","V61",4.05492992575764,"SU6679",0.134917508241723
"SU6679","Hoverflies","IGSH","V61",4.3469641031044,"SU6679",0.0124805515618608
"SU6679","Hoverflies","IGCO","V61",4.3358822663043,"SU6679",0.0305121016794395
"SU6679","Solitary bees","IDMSH","V61",3.40477123639565,"SU6679",0.217755206532798
"SU6679","Solitary bees","SOM","V61",3.11105928502045,"SU6679",0.491174445443421
"SU6679","Solitary bees","IDMCO","V61",3.40397905206187,"SU6679",0.248501409318728
"SU6679","Solitary bees","IGSH","V61",4.12130901829649,"SU6679",0.120045851442384
"SU6679","Solitary bees","IGCO","V61",4.11588138730257,"SU6679",0.137100306737732
"SU7800","Bumblebees","IDMSH","V62",2.18992981351167,"SU7800",0.113238933253742
"SU7800","Bumblebees","SOM","V62",0.999384456259299,"SU7800",0.590173266181317
"SU7800","Bumblebees","IDMCO","V62",1.71061496419725,"SU7800",0.505560950853294
"SU7800","Bumblebees","IGSH","V62",2.78269658147643,"SU7800",0.0385532861514708
"SU7800","Bumblebees","IGCO","V62",2.75792707010402,"SU7800",0.0827793175829331
"SU7800","Hoverflies","IDMSH","V62",4.00539136170535,"SU7800",0.0745516865264371
"SU7800","Hoverflies","SOM","V62",3.95120753445785,"SU7800",0.159708468872372
"SU7800","Hoverflies","IDMCO","V62",4.0024983706671,"SU7800",0.154424657103057
"SU7800","Hoverflies","IGSH","V62",4.33898894744,"SU7800",0.016193601787471
"SU7800","Hoverflies","IGCO","V62",4.30727087856379,"SU7800",0.0566550378139668
"SU7800","Solitary bees","IDMSH","V62",3.1594352760566,"SU7800",0.317852945565523
"SU7800","Solitary bees","SOM","V62",2.78084819662724,"SU7800",0.599473934467463
"SU7800","Solitary bees","IDMCO","V62",3.20860979136995,"SU7800",0.320346444369436
"SU7800","Solitary bees","IGSH","V62",4.07279374486851,"SU7800",0.172770164302343
"SU7800","Solitary bees","IGCO","V62",4.00921456435272,"SU7800",0.243529479015046
"SX7048","Bumblebees","IDMSH","V63",2.16346615312747,"SX7048",0.119095529994542
"SX7048","Bumblebees","SOM","V63",0.933636872270709,"SX7048",0.577682321346197
"SX7048","Bumblebees","IDMCO","V63",1.66063450863687,"SX7048",0.511524100811729
"SX7048","Bumblebees","IGSH","V63",2.77269685802773,"SX7048",0.0469761583111995
"SX7048","Bumblebees","IGCO","V63",2.73070805410317,"SX7048",0.111909694519979
"SX7048","Hoverflies","IDMSH","V63",3.97918938706396,"SX7048",0.0811914410179113
"SX7048","Hoverflies","SOM","V63",3.89594308556329,"SX7048",0.184627868705899
"SX7048","Hoverflies","IDMCO","V63",3.95920986597196,"SX7048",0.172203181292463
"SX7048","Hoverflies","IGSH","V63",4.33241035220195,"SX7048",0.0198514477741439
"SX7048","Hoverflies","IGCO","V63",4.2837876224025,"SX7048",0.0781483439255565
"SX7048","Solitary bees","IDMSH","V63",2.960070881742,"SX7048",0.390669290416252
"SX7048","Solitary bees","SOM","V63",2.55357565988098,"SX7048",0.650813605337844
"SX7048","Solitary bees","IDMCO","V63",3.04874675591021,"SX7048",0.371724114927833
"SX7048","Solitary bees","IGSH","V63",4.03390106224535,"SX7048",0.218024990965369
"SX7048","Solitary bees","IGCO","V63",3.92635559076142,"SX7048",0.322423947464252
"SX8144","Bumblebees","IDMSH","V64",2.1613542933967,"SX8144",0.119615170751615
"SX8144","Bumblebees","SOM","V64",0.928749450242661,"SX8144",0.576712014229348
"SX8144","Bumblebees","IDMCO","V64",1.65671213908719,"SX8144",0.51202255504342
"SX8144","Bumblebees","IGSH","V64",2.7718648477878,"SX8144",0.0477095379971634
"SX8144","Bumblebees","IGCO","V64",2.72847126427952,"SX8144",0.114272041738814
"SX8144","Hoverflies","IDMSH","V64",3.97697513199938,"SX8144",0.0817905619072096
"SX8144","Hoverflies","SOM","V64",3.89135036835346,"SX8144",0.186794598271427
"SX8144","Hoverflies","IDMCO","V64",3.95559924351809,"SX8144",0.173745575273389
"SX8144","Hoverflies","IGSH","V64",4.33186071134977,"SX8144",0.0201718250200256
"SX8144","Hoverflies","IGCO","V64",4.28183114116009,"SX8144",0.079939439951746
"SX8144","Solitary bees","IDMSH","V64",2.9441081680398,"SX8144",0.396065429257708
"SX8144","Solitary bees","SOM","V64",2.53634685808235,"SX8144",0.654050257217225
"SX8144","Solitary bees","IDMCO","V64",3.03579741850509,"SX8144",0.375586557879471
"SX8144","Solitary bees","IGSH","V64",4.03070223960732,"SX8144",0.221753751391414
"SX8144","Solitary bees","IGCO","V64",3.91964343184462,"SX8144",0.328646381378518
"SY8586","Bumblebees","IDMSH","V65",2.18297488809997,"SY8586",0.11466751042144
"SY8586","Bumblebees","SOM","V65",0.981304071556218,"SY8586",0.58683516330364
"SY8586","Bumblebees","IDMCO","V65",1.69736662673371,"SY8586",0.507060426263935
"SY8586","Bumblebees","IGSH","V65",2.78015465662551,"SY8586",0.0406141713587272
"SY8586","Bumblebees","IGCO","V65",2.75094967218498,"SY8586",0.0903103456328813
"SY8586","Hoverflies","IDMSH","V65",3.99881013416348,"SY8586",0.0761401260755414
"SY8586","Hoverflies","SOM","V65",3.93715356911517,"SY8586",0.165822803253442
"SY8586","Hoverflies","IDMCO","V65",3.99151748430464,"SY8586",0.158800980181951
"SY8586","Hoverflies","IGSH","V65",4.33732141508444,"SY8586",0.0170845150539621
"SY8586","Hoverflies","IGCO","V65",4.30130729877755,"SY8586",0.0621116216226603
"SY8586","Solitary bees","IDMSH","V65",3.10768928993421,"SY8586",0.337695243766672
"SY8586","Solitary bees","SOM","V65",2.71939864902685,"SY8586",0.61498485730405
"SY8586","Solitary bees","IDMCO","V65",3.16739541324971,"SY8586",0.334262301421244
"SY8586","Solitary bees","IGSH","V65",4.06283179339672,"SY8586",0.184289913198091
"SY8586","Solitary bees","IGCO","V65",3.98776941840089,"SY8586",0.264304418166773
"TG4403","Bumblebees","IDMSH","V66",2.28244060265054,"TG4403",0.100723123267638
"TG4403","Bumblebees","SOM","V66",1.25225110940885,"TG4403",0.624335773389918
"TG4403","Bumblebees","IDMCO","V66",1.87400725484568,"TG4403",0.496239510115215
"TG4403","Bumblebees","IGSH","V66",2.80667922544934,"TG4403",0.0244893561474053
"TG4403","Bumblebees","IGCO","V66",2.82547419290764,"TG4403",0.00850051428916229
"TG4403","Hoverflies","IDMSH","V66",4.061314019499,"TG4403",0.062938954516128
"TG4403","Hoverflies","SOM","V66",4.08223173966813,"TG4403",0.111515373956293
"TG4403","Hoverflies","IDMCO","V66",4.103935942245,"TG4403",0.117809991128016
"TG4403","Hoverflies","IGSH","V66",4.35455279999536,"TG4403",0.0104165945042643
"TG4403","Hoverflies","IGCO","V66",4.36321097039716,"TG4403",0.00564508539558478
"TG4403","Solitary bees","IDMSH","V66",3.54970052456236,"TG4403",0.176934921093527
"TG4403","Solitary bees","SOM","V66",3.43006679290234,"TG4403",0.300758895458533
"TG4403","Solitary bees","IDMCO","V66",3.53438398359693,"TG4403",0.202789866107103
"TG4403","Solitary bees","IGSH","V66",4.16848056651978,"TG4403",0.0855232934619897
"TG4403","Solitary bees","IGCO","V66",4.22328461797532,"TG4403",0.0263494405511835
"TL3266","Bumblebees","IDMSH","V67",2.26623195200902,"TL3266",0.101956178196863
"TL3266","Bumblebees","SOM","V67",1.21643859357424,"TL3266",0.623277728445697
"TL3266","Bumblebees","IDMCO","V67",1.84924597540453,"TL3266",0.496071476063083
"TL3266","Bumblebees","IGSH","V67",2.80413419246509,"TL3266",0.025296621210894
"TL3266","Bumblebees","IGCO","V67",2.8182005316173,"TL3266",0.016535599373092
"TL3266","Hoverflies","IDMSH","V67",4.05664370587468,"TL3266",0.0638858278401556
"TL3266","Hoverflies","SOM","V67",4.06877987798876,"TL3266",0.115942017365196
"TL3266","Hoverflies","IDMCO","V67",4.09359403639716,"TL3266",0.121628202941745
"TL3266","Hoverflies","IGSH","V67",4.3529199059029,"TL3266",0.010688430894467
"TL3266","Hoverflies","IGCO","V67",4.35732518641738,"TL3266",0.0109870598170626
"TL3266","Solitary bees","IDMSH","V67",3.54022509289559,"TL3266",0.173037789696065
"TL3266","Solitary bees","SOM","V67",3.37319148805299,"TL3266",0.351053309912504
"TL3266","Solitary bees","IDMCO","V67",3.52031391342535,"TL3266",0.205822929834819
"TL3266","Solitary bees","IGSH","V67",4.15828161120775,"TL3266",0.0903880725396913
"TL3266","Solitary bees","IGCO","V67",4.199727628755,"TL3266",0.0508567751629971
"TM3949","Bumblebees","IDMSH","V68",2.25873912572778,"TM3949",0.102689832936681
"TM3949","Bumblebees","SOM","V68",1.19671350669104,"TM3949",0.621391849215446
"TM3949","Bumblebees","IDMCO","V68",1.83701115361848,"TM3949",0.496268812047389
"TM3949","Bumblebees","IGSH","V68",2.8026889842215,"TM3949",0.0258486789095155
"TM3949","Bumblebees","IGCO","V68",2.81407251987783,"TM3949",0.0211029141719131
"TM3949","Hoverflies","IDMSH","V68",4.05367206438568,"TM3949",0.0644538640738322
"TM3949","Hoverflies","SOM","V68",4.06101544237834,"TM3949",0.118461423927678
"TM3949","Hoverflies","IDMCO","V68",4.08762198930574,"TM3949",0.123699735144476
"TM3949","Hoverflies","IGSH","V68",4.35198946528931,"TM3949",0.0108901521546112
"TM3949","Hoverflies","IGCO","V68",4.35397229881537,"TM3949",0.0140343083359966
"TM3949","Solitary bees","IDMSH","V68",3.52647323392856,"TM3949",0.175044717396426
"TM3949","Solitary bees","SOM","V68",3.33500171384165,"TM3949",0.377535912740022
"TM3949","Solitary bees","IDMCO","V68",3.5067989397272,"TM3949",0.210110972330162
"TM3949","Solitary bees","IGSH","V68",4.15247716519596,"TM3949",0.0939336332266687
"TM3949","Solitary bees","IGCO","V68",4.18641001480128,"TM3949",0.0646617573984752
"TQ1827","Bumblebees","IDMSH","V69",2.20303468508488,"TQ1827",0.110739023994189
"TQ1827","Bumblebees","SOM","V69",1.03491994070987,"TQ1827",0.596540069590185
"TQ1827","Bumblebees","IDMCO","V69",1.73563966398057,"TQ1827",0.502931090752064
"TQ1827","Bumblebees","IGSH","V69",2.78728197925845,"TQ1827",0.035018364458348
"TQ1827","Bumblebees","IGCO","V69",2.77061199784361,"TQ1827",0.0689899949793283
"TQ1827","Hoverflies","IDMSH","V69",4.01709532725516,"TQ1827",0.0718602268960782
"TQ1827","Hoverflies","SOM","V69",3.97654871160539,"TQ1827",0.149128306670439
"TQ1827","Hoverflies","IDMCO","V69",4.02225078609093,"TQ1827",0.146802970904331
"TQ1827","Hoverflies","IGSH","V69",4.34198894795936,"TQ1827",0.014674221542451
"TQ1827","Hoverflies","IGCO","V69",4.31801707727307,"TQ1827",0.0468276646542379
"TQ1827","Solitary bees","IDMSH","V69",3.25339478320396,"TQ1827",0.280333216060079
"TQ1827","Solitary bees","SOM","V69",2.89825154332387,"TQ1827",0.566202679943244
"TQ1827","Solitary bees","IDMCO","V69",3.28319048283501,"TQ1827",0.293975819096413
"TQ1827","Solitary bees","IGSH","V69",4.09088263089468,"TQ1827",0.152232692076772
"TQ1827","Solitary bees","IGCO","V69",4.04855022502478,"TQ1827",0.204836054646729
"TQ3110","Bumblebees","IDMSH","V70",2.19482863223534,"TQ3110",0.112275970639738
"TQ3110","Bumblebees","SOM","V70",1.01244942590576,"TQ3110",0.592542173934394
"TQ3110","Bumblebees","IDMCO","V70",1.71996846392157,"TQ3110",0.504544926057955
"TQ3110","Bumblebees","IGSH","V70",2.78444371880647,"TQ3110",0.0371763415824967
"TQ3110","Bumblebees","IGCO","V70",2.7627455252981,"TQ3110",0.0775554884323942
"TQ3110","Hoverflies","IDMSH","V70",4.00987810457477,"TQ3110",0.0734997138587275
"TQ3110","Hoverflies","SOM","V70",3.96086581199888,"TQ3110",0.155606033733926
"TQ3110","Hoverflies","IDMCO","V70",4.01003385580041,"TQ3110",0.151478287272797
"TQ3110","Hoverflies","IGSH","V70",4.34013323665386,"TQ3110",0.0156002511337142
"TQ3110","Hoverflies","IGCO","V70",4.3113672464392,"TQ3110",0.0529080173138588
"TQ3110","Solitary bees","IDMSH","V70",3.19521833850589,"TQ3110",0.303775029677971
"TQ3110","Solitary bees","SOM","V70",2.82458865834042,"TQ3110",0.587654895140927
"TQ3110","Solitary bees","IDMCO","V70",3.23703699394388,"TQ3110",0.3104733306368
"TQ3110","Solitary bees","IGSH","V70",4.07966867959415,"TQ3110",0.164892350610156
"TQ3110","Solitary bees","IGCO","V70",4.02410428659048,"TQ3110",0.228969010027892
"TQ4450","Bumblebees","IDMSH","V71",2.21391722583477,"TQ4450",0.108840747367242
"TQ4450","Bumblebees","SOM","V71",1.06576505939925,"TQ4450",0.601890492487573
"TQ4450","Bumblebees","IDMCO","V71",1.7563323163458,"TQ4450",0.50099259309176
"TQ4450","Bumblebees","IGSH","V71",2.79085580487418,"TQ4450",0.0324639768026479
"TQ4450","Bumblebees","IGCO","V71",2.78058375647263,"TQ4450",0.058073250725752
"TQ4450","Hoverflies","IDMSH","V71",4.02603607558123,"TQ4450",0.0699184335938865
"TQ4450","Hoverflies","SOM","V71",3.99627192769676,"TQ4450",0.141323758943562
"TQ4450","Hoverflies","IDMCO","V71",4.03758114542039,"TQ4450",0.14111673693236
"TQ4450","Hoverflies","IGSH","V71",4.34431991629849,"TQ4450",0.0135866829929907
"TQ4450","Hoverflies","IGCO","V71",4.32638097884647,"TQ4450",0.0391851598640959
"TQ4450","Solitary bees","IDMSH","V71",3.32581495699952,"TQ4450",0.250439682014119
"TQ4450","Solitary bees","SOM","V71",2.99541209276857,"TQ4450",0.534631792962564
"TQ4450","Solitary bees","IDMCO","V71",3.34071196633897,"TQ4450",0.272664337909878
"TQ4450","Solitary bees","IGSH","V71",4.10507604402444,"TQ4450",0.136713579637625
"TQ4450","Solitary bees","IGCO","V71",4.07977563838835,"TQ4450",0.173633925628495
"TQ8038","Bumblebees","IDMSH","V72",2.20826892940044,"TQ8038",0.109806520725312
"TQ8038","Bumblebees","SOM","V72",1.04961578424008,"TQ8038",0.599108860258023
"TQ8038","Bumblebees","IDMCO","V72",1.74561318071828,"TQ8038",0.50196754648504
"TQ8038","Bumblebees","IGSH","V72",2.78902953195987,"TQ8038",0.0337445808440473
"TQ8038","Bumblebees","IGCO","V72",2.77547893563705,"TQ8038",0.063669436241324
"TQ8038","Hoverflies","IDMSH","V72",4.02148962981326,"TQ8038",0.0708936417755373
"TQ8038","Hoverflies","SOM","V72",3.98619746405713,"TQ8038",0.145261339493938
"TQ8038","Hoverflies","IDMCO","V72",4.02975530176174,"TQ8038",0.143994323300254
"TQ8038","Hoverflies","IGSH","V72",4.34312955340555,"TQ8038",0.0141304801425936
"TQ8038","Hoverflies","IGCO","V72",4.32210828440067,"TQ8038",0.0430885372105078
"TQ8038","Solitary bees","IDMSH","V72",3.28900906549763,"TQ8038",0.265704369531753
"TQ8038","Solitary bees","SOM","V72",2.94517237271964,"TQ8038",0.551452800768579
"TQ8038","Solitary bees","IDMCO","V72",3.31145124732695,"TQ8038",0.283602032498432
"TQ8038","Solitary bees","IGSH","V72",4.09781341165742,"TQ8038",0.144569186100518
"TQ8038","Solitary bees","IGCO","V72",4.06375803822768,"TQ8038",0.189689375788419
"TR0534","Bumblebees","IDMSH","V73",2.20637207587997,"TR0534",0.110140239686664
"TR0534","Bumblebees","SOM","V73",1.04425886893222,"TR0534",0.598176489911316
"TR0534","Bumblebees","IDMCO","V73",1.74200231440923,"TR0534",0.50231034454621
"TR0534","Bumblebees","IGSH","V73",2.78840217261487,"TR0534",0.0341966699391919
"TR0534","Bumblebees","IGCO","V73",2.77372971005775,"TR0534",0.0655834428070964
"TR0534","Hoverflies","IDMSH","V73",4.01991678210031,"TR0534",0.0712368781227189
"TR0534","Hoverflies","SOM","V73",3.98273446028844,"TR0534",0.146638578003314
"TR0534","Hoverflies","IDMCO","V73",4.02706292588366,"TR0534",0.144996414347508
"TR0534","Hoverflies","IGSH","V73",4.34272025799581,"TR0534",0.0143231758118797
"TR0534","Hoverflies","IGCO","V73",4.32063986154593,"TR0534",0.0444304259197339
"TR0534","Solitary bees","IDMSH","V73",3.27625692623492,"TR0534",0.270962279664939
"TR0534","Solitary bees","SOM","V73",2.92819455518097,"TR0534",0.556892587988143
"TR0534","Solitary bees","IDMCO","V73",3.30132853313486,"TR0534",0.287340399429745
"TR0534","Solitary bees","IGSH","V73",4.0953231190919,"TR0534",0.14730593254944
"TR0534","Solitary bees","IGCO","V73",4.05828499585195,"TR0534",0.195151673540164
"TR3149","Bumblebees","IDMSH","V74",2.21344886789743,"TR3149",0.108919250533273
"TR3149","Bumblebees","SOM","V74",1.0644152431613,"TR3149",0.601659780844965
"TR3149","Bumblebees","IDMCO","V74",1.75544572862769,"TR3149",0.50107072664573
"TR3149","Bumblebees","IGSH","V74",2.79070681857013,"TR3149",0.0325663824248308
"TR3149","Bumblebees","IGCO","V74",2.78016660513782,"TR3149",0.058531113824261
"TR3149","Hoverflies","IDMSH","V74",4.02566706892222,"TR3149",0.0699966547293378
"TR3149","Hoverflies","SOM","V74",3.99545046831939,"TR3149",0.14164093659246
"TR3149","Hoverflies","IDMCO","V74",4.03694341383519,"TR3149",0.141349287611343
"TR3149","Hoverflies","IGSH","V74",4.34422286965162,"TR3149",0.0136300444743263
"TR3149","Hoverflies","IGCO","V74",4.32603252742816,"TR3149",0.0395034256707661
"TR3149","Solitary bees","IDMSH","V74",3.32283416024399,"TR3149",0.251679317510221
"TR3149","Solitary bees","SOM","V74",2.99126961931824,"TR3149",0.536061452789248
"TR3149","Solitary bees","IDMCO","V74",3.33833891310297,"TR3149",0.273558220696956
"TR3149","Solitary bees","IGSH","V74",4.10448284882611,"TR3149",0.137347478849465
"TR3149","Solitary bees","IGCO","V74",4.0784642148901,"TR3149",0.174952202697528
